{"schemaVersion":"1.0","appDefinitionTemplate":{"id":"/providers/Microsoft.PowerApps/apps/","type":"Microsoft.PowerApps/apps","tags":{"primaryDeviceWidth":"1366","primaryDeviceHeight":"768","supportsPortrait":"true","supportsLandscape":"true","primaryFormFactor":"Tablet","showStatusBar":"false","publisherVersion":"3.25063.6","minimumRequiredApiVersion":"2.2.0","hasComponent":"false","hasUnlockedComponent":"false","isUnifiedRootApp":"false","sienaVersion":"20250627T195847Z-3.25063.6.0"},"properties":{"appVersion":"2025-06-27T19:58:47Z","lifeCycleId":"Published","createdByClientVersion":{"major":3,"minor":25063,"build":6,"revision":0,"majorRevision":0,"minorRevision":0},"minClientVersion":{"major":3,"minor":25063,"build":6,"revision":0,"majorRevision":0,"minorRevision":0},"backgroundColor":"rgba(0, 0, 0, 1)","backgroundImageUri":"/15348254843106675058/N80511cd2-fb5e-4a40-b090-a267d1aaa701-logoSmallFile","displayName":"adQuest","description":"","commitMessage":"","appUris":{"documentUri":{"value":"/15348254843106675058/N0f7b9f7a-d692-4734-a819-a10b214d7741-document.msapp"},"imageUris":[],"additionalUris":[{"isSolutionAware":false,"value":"/15348254843106675058/Nd344cb3d-1690-4dba-bf41-54dd73a6c9cc-identity.json"}]},"createdTime":"0001-01-01T00:00:00Z","lastModifiedTime":"0001-01-01T00:00:00Z","sharedGroupsCount":0,"sharedUsersCount":0,"connectionReferences":{},"databaseReferences":{},"almMode":"Environment","performanceOptimizationEnabled":true,"canConsumeAppPass":true,"enableModernRuntimeMode":false,"executionRestrictions":{"isTeamsOnly":false,"dataLossPreventionEvaluationResult":{"status":"Compliant","lastEvaluationDate":"2025-06-25T07:13:43.763848Z","violations":[],"violationsByPolicy":[],"violationErrorMessage":"The app uses the following connectors: ."}}},"isAppComponentLibrary":false,"appType":"ClassicCanvasApp","appComponents":[]}}