{"__Version":"0.1","App":"6b4e0f68-f545-4f8b-89f6-be66301ff023","Test_7F478737223C4B69":"78aba5f6-fbc9-407e-b6a1-b3b33c3b1852","Host":"4b5def77-0cef-4420-a8fb-4be02f714f42","adQuest - Loading":"a3d019c5-d905-4e01-8049-25101aad7e9d","rctLOABackground":"f6fed4c0-736e-4433-865f-151bba4794ff","imgLOAAnimation":"a1b395ee-1ec3-4e2f-8b72-8ec59b018942","btnLOAStartGame":"8267dbd4-5c75-45d6-8131-e430db609135","tmrLOAGameStarter":"04dd95af-608a-45f4-a027-6f7cee0bf3b1","audLOAWelcome":"7ca487a6-df13-492b-b83c-0b93ae4cc489","audLOABackgroundnoise":"6559e90c-c93c-402a-bd47-a9cce947c103","txtLOADebug":"cd8b85b2-1744-4512-8513-790e287854b0","adQuest - Start":"9f4400cc-413d-48d9-ad20-dafe4cd74fc2","cntAQSRegisterPlayerBackground":"22b083b7-1e16-4971-88b9-74f5456d5faa","cntAQSRegisterPlayer":"e1589628-00a0-4284-94da-e90f2066dac0","txtAQSSelectedPlayerID":"7ae0b0c9-e3ad-4f83-bb58-ad9c5242a08c","btnAQSClose":"966972cd-528a-41c7-9290-eb748618e1f1","imgAQSLogo":"44ac0df2-ec3e-44eb-b3fa-02a322fd1f29","cntAQSPlayerImagesAndButtons":"e93143c2-03f1-43ec-afa4-afcc28fadf10","imgAQSRegisterPlayer1":"d0ff38c5-0f8d-47b8-abe9-08eee97584a7","btnAQSRegisterAvatar1":"4266d476-326a-473d-ac1e-bb619ae9d7ee","imgAQSRegisterPlayer2":"d448de69-a64b-4fc2-9eea-74d1e452b7d5","btnAQSRegisterAvatar2":"5386aead-9a4b-4dbc-9aab-aef3bc8a0999","adQuest - SelectQuiz":"486ed4fd-dd24-4c56-95dd-859ede68b6d4","btnAQSSelectQuiz":"1eac5b13-de9e-4fed-891a-5f3ac74bbf8a"}