{"__Version":"0.1","App":"4dcd72f5-491b-4b67-bdd3-5107a79f554e","Test_7F478737223C4B69":"32fcc761-0b69-4c86-9f59-0715c1f35741","Host":"a4902867-d059-42f7-8dab-6e8bd1fae201","adQuest - Loading":"ab78d146-0e83-498c-a466-51c02fe435bf","rctLOABackground":"16698f24-bb78-43a6-80e6-6b2c433ddcec","imgLOAAnimation":"42c191b2-12ea-4c21-8619-2e7f771b4e18","txtLOAVersionNumber":"1a942dc6-37f6-4c3c-89b4-b2d725fc2d75","audLOABackgroundnoise":"b7e6f00a-d049-4221-b066-c6d74265e5f0","audLOAWelcome":"665c348b-5923-4dcb-a6f1-63fbbcedabe1","btnLOAStartGame":"76720ec5-69b0-4fe7-9fcc-61c8cccaf33c","tmrLOAGameStarter":"c7855b9f-14c1-438b-a378-cbadca9e62df","txtLOADebug":"0fd0b334-57ba-4ec2-b219-43a8141de474","adQuest - Start":"1991bb51-2bc5-4ce8-afa3-8fa2e031ec48","cntAQSCreditsBackground":"996ce745-f71d-463b-84e0-2600bb0ea146","cntAQSCredits":"dac65753-0915-4ae6-ad12-f63a94a5e896","imgAQSCreditPicture":"f9192f70-676e-4aa1-8787-f5b66de09b04","htmAQSCreditContent":"3a8a7dbc-6350-493c-9cae-fa7c947db6bd","btnAQSCreditNavigateLeft":"d2a77db7-77aa-4fa6-bc42-0e9137555fc8","btnAQSCreditNavigateRight":"367fb73e-f1a0-4f71-a5f3-0e5f805b513c","btnAQSCreditsClose":"c481f5ee-abba-4e99-81d1-e41e5c46b8b2","cntAQSReleaseNotesBackground":"e78352d3-32b0-493a-a8c0-a789da55a593","cntAQSReleaseNotes":"a405c3b4-cdf7-47a7-b9ac-1a1a67e19791","htmAQSReleaseNotes":"2b3e81d0-b970-4a86-b51c-00135e338ff1","btnAQSReleaseNotesClose":"b9e28f24-059f-4633-8437-59202a64d807","cntAQSRegisterPlayerBackground":"829837ce-3a2b-49e9-9fc1-b2e351a3c927","cntAQSRegisterPlayer":"5208a6c3-dc54-4724-beb4-61d28fd7ada4","txtAQSHeader":"76acea35-742b-4716-b63e-5a9aef7f3141","imgAQSMiddleAvatarPicture":"9b6438ff-d14f-4130-b290-b373ce16643d","txtAQSMiddleAvatarPictureUsedByPlayer":"965edf65-337f-4a31-939e-63adc52f5450","imgAQSLeftAvatarPicture":"b96db4e3-deba-40d5-bef3-0a047f3bb00f","txtAQSLeftAvatarPictureUsedByPlayer":"c4fd7ae6-6b83-462a-9bdc-ca4f3bc84007","imgAQSRightAvatarPicture":"4be3084f-4639-489f-8d77-16db5ae6b0ff","txtAQSRightAvatarPictureUsedByPlayer":"82abe731-f42f-46fa-8393-8c59d26f6cef","btnAQSRegisterPlayerNavigateLeft":"f007a7d6-4ae5-44ae-a719-6cf4ba8e27f7","btnAQSRegisterAvatarNavigateRight":"710a9921-9251-4166-b38c-ecc3b08c02f0","txtAQSLeftAvatarName":"d75054aa-e590-4dd1-9adb-98fbcc140982","txtAQSRightPAvatarName":"17249426-baad-43cd-a6ce-1e157ec7eea4","txtAQSMiddleAvatarName":"f8e85287-6ba4-4bbe-85a4-e4dfdf8f98ab","btnAQSRemovePlayer":"5b31ff3c-7018-4f82-b68a-4f067c9ccbfb","btnAQSAvatarCancel":"7abd6344-b04a-4b64-8119-c890a7930274","btnAQSAvatarOK":"34207fe2-ff49-42c6-a085-963d1bcd2650","txtAQSVersionNumber":"bbc5616f-644d-4194-ad20-efdc36b73922","tmrAQSAngryGirlWaitingSounds":"b864a0dc-b348-445d-9bb0-c1826e349c21","imgAQSLogo":"40481ebc-a26d-4e1c-a973-539df733e2ad","cntAQSPlayerImagesAndButtons":"564a3168-7b4f-42a8-8972-eeb3956417cf","imgRegisterAvatar1":"e14884db-8f7f-4f31-ab46-1c7509f1cd53","btnRegisterAvatar1":"89e12c98-4c91-4b6c-8569-33fb02bdae57","imgRegisterAvatar2":"48d09734-3e6e-49d4-a2e4-a037f6dca0aa","btnRegisterAvatar2":"f79ae474-a92d-47a5-a269-0bb412df17db","imgRegisterAvatar3":"71acea93-8bde-4bf8-b64f-ffc4ffa538fe","btnRegisterAvatar3":"acd9d85f-9514-43b0-af46-d0dfee8e10d0","imgRegisterAvatar4":"754e69fb-963e-4095-bf12-c953e1ed7e23","btnRegisterAvatar4":"387dc418-4f90-4e4f-9ff4-14744a8ac667","btnAQSShowCredits":"1a4df75b-aa44-4544-8926-fd9944941a10","btnAQSReleaseNotes":"cee2e55f-aedb-41c2-bbc7-0512e7cc74ff","btnAQSPlay":"11f530a8-a633-42f0-a12c-8ed933e7db50","audAQSPlayerAngryGirlWaiting":"2a80310b-c895-4626-bb01-401d64db58a1","audAQSBackgroundMusic":"a43999bb-a0db-4b1d-bfe0-330ae2e1fb9b","adQuest - SelectQuiz":"c537d4e9-4274-4527-8577-41a7edd371cd"}