{"schemaVersion":"1.0","appDefinitionTemplate":{"id":"/providers/Microsoft.PowerApps/apps/","type":"Microsoft.PowerApps/apps","tags":{"primaryDeviceWidth":"1366","primaryDeviceHeight":"768","supportsPortrait":"true","supportsLandscape":"true","primaryFormFactor":"Tablet","showStatusBar":"false","publisherVersion":"3.25063.6","minimumRequiredApiVersion":"2.2.0","hasComponent":"false","hasUnlockedComponent":"false","isUnifiedRootApp":"false","sienaVersion":"20250701T201451Z-3.25063.6.0"},"properties":{"appVersion":"2025-07-01T20:14:51Z","lifeCycleId":"Published","createdByClientVersion":{"major":3,"minor":25063,"build":6,"revision":0,"majorRevision":0,"minorRevision":0},"minClientVersion":{"major":3,"minor":25063,"build":6,"revision":0,"majorRevision":0,"minorRevision":0},"backgroundColor":"rgba(0, 0, 0, 1)","backgroundImageUri":"/15348254843106675058/N9628b0fd-998d-48d0-b711-efb9dfe9c0eb-logoSmallFile","displayName":"adQuest","description":"","commitMessage":"","appUris":{"documentUri":{"value":"/15348254843106675058/Ncf9d1134-a961-4723-9d8b-fda3904405d0-document.msapp"},"imageUris":[],"additionalUris":[{"isSolutionAware":false,"value":"/15348254843106675058/Na39923be-add1-4eec-a29b-672d03c8ee0f-identity.json"}]},"createdTime":"0001-01-01T00:00:00Z","lastModifiedTime":"0001-01-01T00:00:00Z","sharedGroupsCount":0,"sharedUsersCount":0,"connectionReferences":{"602652da-c1d3-4698-a897-2ff6dc0be85e":{"id":"44c26e97-38b0-40e0-b250-594ac77a009d","displayName":"Logic flows","iconUri":"https://conn-afd-prod-endpoint-bmc9bqahasf3grgk.b01.azurefd.net/v1.0.1752/1.0.1752.4216/logicflows/icon.png","dataSources":["adQuest-GetQuizList"],"dependencies":[],"dependents":[],"parameterHints":{"workflowName":{"value":"c5e4ff90-9be2-4beb-bc9c-88a6ddb727e5"},"workflowEntityId":{},"workflowDisplayName":{"value":"adQuest-GetQuizList"}},"parameterHintsV2":{"workflowName":{"value":"c5e4ff90-9be2-4beb-bc9c-88a6ddb727e5"},"workflowEntityId":{},"workflowDisplayName":{"value":"adQuest-GetQuizList"}},"isOnPremiseConnection":false,"bypassConsent":false,"dataSets":{},"apiTier":"Standard","isCustomApiConnection":false,"actions":["Run"],"nestedActions":[]}},"databaseReferences":{},"almMode":"Environment","performanceOptimizationEnabled":true,"canConsumeAppPass":true,"enableModernRuntimeMode":false,"executionRestrictions":{"isTeamsOnly":false,"dataLossPreventionEvaluationResult":{"status":"Compliant","lastEvaluationDate":"2025-07-01T20:16:47.7423882Z","violations":[],"violationsByPolicy":[],"violationErrorMessage":"The app uses the following connectors: shared_logicflows."},"httpActionRestriction":{"appUsesSharepointHttpAction":false,"enforcementStrategy":"Legacy","evaluationTime":"2025-07-01T20:16:47.7423146Z"}}},"isAppComponentLibrary":false,"appType":"ClassicCanvasApp","appComponents":[]}}