{"schemaVersion":"1.0","appDefinitionTemplate":{"id":"/providers/Microsoft.PowerApps/apps/","type":"Microsoft.PowerApps/apps","tags":{"primaryDeviceWidth":"1366","primaryDeviceHeight":"768","supportsPortrait":"true","supportsLandscape":"true","primaryFormFactor":"Tablet","showStatusBar":"false","publisherVersion":"3.25063.6","minimumRequiredApiVersion":"2.2.0","hasComponent":"false","hasUnlockedComponent":"false","isUnifiedRootApp":"false","sienaVersion":"20250701T204817Z-3.25063.6.0","coauthoringEnabled":"true","multipleWritersEnabled":"true","acceptedCoauthoringTerms":"true"},"properties":{"appVersion":"2025-07-01T20:48:17Z","lifeCycleId":"Published","createdByClientVersion":{"major":3,"minor":25063,"build":6,"revision":0,"majorRevision":0,"minorRevision":0},"minClientVersion":{"major":3,"minor":25063,"build":6,"revision":0,"majorRevision":0,"minorRevision":0},"backgroundColor":"rgba(0, 0, 0, 1)","backgroundImageUri":"/9053005387482802993/N8eab26a9-d30b-4a16-9f80-5ae4a4be843b-logoSmallFile","displayName":"adQuest_TEMP","description":"","commitMessage":"","appUris":{"documentUri":{"value":"/9053005387482802993/Nb9508d01-e2d8-44aa-b48e-0c17dd6c2e20-document.msapp"},"imageUris":[],"additionalUris":[{"isSolutionAware":false,"value":"/9053005387482802993/N3fc9a48f-9a43-4c45-9e1c-aa2e2db49051-identity.json"}]},"createdTime":"0001-01-01T00:00:00Z","lastModifiedTime":"0001-01-01T00:00:00Z","sharedGroupsCount":0,"sharedUsersCount":0,"connectionReferences":{"ed11507d-972a-48e2-a71f-bf497928f4a7":{"id":"453a3c5c-c805-4aa2-9f85-953ef636486f","displayName":"Logic flows","iconUri":"https://conn-afd-prod-endpoint-bmc9bqahasf3grgk.b01.azurefd.net/v1.0.1752/1.0.1752.4216/logicflows/icon.png","dataSources":["adquest-GetQuizList_v01"],"dependencies":[],"dependents":[],"parameterHints":{"workflowName":{"value":"cb1a5473-8561-490e-92ff-519ccf826f16"},"workflowEntityId":{},"workflowDisplayName":{"value":"adquest-GetQuizList_v01"}},"parameterHintsV2":{"workflowName":{"value":"cb1a5473-8561-490e-92ff-519ccf826f16"},"workflowEntityId":{},"workflowDisplayName":{"value":"adquest-GetQuizList_v01"}},"isOnPremiseConnection":false,"bypassConsent":false,"dataSets":{},"apiTier":"Standard","isCustomApiConnection":false,"actions":["Run"]},"091483c7-15c2-4796-b281-3e88024585fc":{"id":"453a3c5c-c805-4aa2-9f85-953ef636486f","displayName":"Logic flows","iconUri":"https://conn-afd-prod-endpoint-bmc9bqahasf3grgk.b01.azurefd.net/v1.0.1752/1.0.1752.4216/logicflows/icon.png","dataSources":["adquest-GetQuiz_v02"],"dependencies":[],"dependents":[],"parameterHints":{"workflowName":{"value":"8fb3ca7f-e449-40a0-a941-b2bf612162b2"},"workflowEntityId":{},"workflowDisplayName":{"value":"adquest-GetQuiz_v02"}},"parameterHintsV2":{"workflowName":{"value":"8fb3ca7f-e449-40a0-a941-b2bf612162b2"},"workflowEntityId":{},"workflowDisplayName":{"value":"adquest-GetQuiz_v02"}},"isOnPremiseConnection":false,"bypassConsent":false,"dataSets":{},"apiTier":"Standard","isCustomApiConnection":false,"actions":["Run"]}},"databaseReferences":{},"almMode":"Environment","performanceOptimizationEnabled":true,"canConsumeAppPass":true,"enableModernRuntimeMode":false,"executionRestrictions":{"isTeamsOnly":false,"dataLossPreventionEvaluationResult":{"status":"Compliant","lastEvaluationDate":"2025-06-27T20:09:27.4131709Z","violations":[],"violationsByPolicy":[],"violationErrorMessage":"The app uses the following connectors: shared_logicflows, shared_sharepointonline."},"httpActionRestriction":{"appUsesSharepointHttpAction":false,"enforcementStrategy":"Legacy","evaluationTime":"2025-06-27T20:09:27.4129814Z"}}},"isAppComponentLibrary":false,"appType":"ClassicCanvasApp","appComponents":[]}}