{"__Version":"0.1","App":"e304f6be-f9f7-4089-b767-19ac51b5a74f","Test_7F478737223C4B69":"e303cd4c-3aa4-493b-b758-b9d5547b677c","Host":"d71f631e-9280-420e-b0e8-c7faceb520e4","adQuest - Loading":"b4782cd1-bae6-4923-bad8-b90c48ec0875","rctLOABackground":"83c07438-595a-4a08-8e4f-7e92e0083663","imgLOAAnimation":"4eb53612-4732-4183-b0ac-2e35f7226165","txtLOAVersionNumber":"fa75c51a-bb68-41b7-afb7-0efb34fcb722","audLOABackgroundnoise":"3738a8ff-bf49-433a-9934-d3b07b43478a","audLOAWelcome":"13fe05bf-f966-4fc0-bf9e-83d7f94b7964","btnLOAStartGame":"0fce9bd4-04c5-4796-9222-8fdccf658ee9","tmrLOAGameStarter":"f31ef48c-df68-4706-be57-3ba6ef1d2361","txtLOADebug":"0cbf29e4-3080-4e4e-810f-3c80bcd3bc06","adQuest - Start":"cae00bb6-4369-4614-a9a1-775786e47755","audAQSBackgroundMusic":"34d500f1-ab29-4f23-a893-8bfb229821bb","audAQSPlayerAngryGirlWaiting":"bb2e304c-4fb4-4765-a379-f1b3311c288d","txtAQSVersionNumber":"178ea190-c4b0-48f8-8ceb-14f128db610c","cntAQSCreditsBackground":"a3e45b3e-c05e-4d71-af6e-93218e74fffb","cntAQSCredits":"3e4f8b51-5709-4e38-8be7-0a46459fd38e","imgAQSCreditPicture":"17007582-c37a-4c72-8639-f2966ea23dcf","htmAQSCreditContent":"5314c084-4363-4a21-9a8f-e06024614c00","btnAQSCreditNavigateLeft":"fa3d996b-f4e5-4850-a5c0-426e70cac664","btnAQSCreditNavigateRight":"5e3b3c9e-6c09-4d75-931e-ebf2e804758b","btnAQSCreditsClose":"510629a2-4ecb-46fa-a3d2-b3d5cee0acb6","cntAQSReleaseNotesBackground":"ac7f0578-8aa1-4509-b090-32968a5255a9","cntAQSReleaseNotes":"decedfc0-00b4-49aa-a2e4-12324dc3774a","htmAQSReleaseNotes":"e0f27c4d-52ff-4e5a-87d9-f2d313a5ec72","btnAQSReleaseNotesClose":"b05cff48-90c3-464b-8947-673205ded6b5","cntAQSRegisterPlayerBackground":"ceb40576-4efe-4147-9311-8d62cd2bdc6f","cntAQSRegisterPlayer":"6a81b942-4e23-4c97-bedd-67aef0009cd6","txtAQSHeader":"dbd5f1be-accd-4378-a151-75954ae33816","imgAQSMiddleAvatarPicture":"7e59b784-7e62-4eef-85b3-19457ad5ca6d","txtAQSMiddleAvatarPictureUsedByPlayer":"372d9f96-554e-47a5-ad7f-8ea181fa8690","imgAQSLeftAvatarPicture":"aa8358bf-60b0-469e-9bd6-899312f1b573","txtAQSLeftAvatarPictureUsedByPlayer":"8c32dc02-ba79-4bde-8cd5-f4519c0ef795","imgAQSRightAvatarPicture":"a6b9c1bb-17ad-47b4-a534-e9836b2d36e0","txtAQSRightAvatarPictureUsedByPlayer":"a1954b90-8a25-42b0-ad1e-3b0429bdad5c","btnAQSRegisterPlayerNavigateLeft":"dfd2c722-638a-4858-b827-b2092cca963c","btnAQSRegisterAvatarNavigateRight":"9029f90d-d3fc-4762-aa4a-5ab1d2c5472a","txtAQSLeftAvatarName":"8f259946-fbdf-4b56-a8d1-394afe681f2b","txtAQSRightPAvatarName":"6d861ece-c44a-4153-8b03-8cf22dadd485","txtAQSMiddleAvatarName":"e3539577-7890-4a79-a803-697871e676ce","btnAQSRemovePlayer":"9a0e4595-1e2d-473f-a458-762442373867","btnAQSAvatarCancel":"5c24cfe1-1e99-4cf4-8ae9-d9e803942d91","btnAQSAvatarOK":"368813c9-380d-4518-97e2-57e706aebe7a","tmrAQSAngryGirlWaitingSounds":"c18d018c-3db2-4005-9e34-3d43b7b6c7e5","imgAQSLogo":"b8bcba5f-49bb-4fc9-8e24-c8f6902e45ba","cntAQSPlayerImagesAndButtons":"50318255-ce96-44fc-9bed-65e2ab6e9754","imgRegisterAvatar1":"c435e2fe-9b92-4cd2-bea8-93710893f5b3","btnRegisterAvatar1":"16c8bc1e-436c-4704-8028-c9a46d9bc1cb","imgRegisterAvatar2":"27ab486c-bb5c-47b1-9e97-a8a332931c57","btnRegisterAvatar2":"69c32442-c118-4441-b152-57e9673a3253","imgRegisterAvatar3":"8daa95c2-0aec-408f-b8c0-480452bf0c3d","btnRegisterAvatar3":"c787d4f6-0b6b-4f03-a704-1ab84fffd25e","imgRegisterAvatar4":"c3446413-dc3c-40dd-a185-d3d19d8d3ec5","btnRegisterAvatar4":"2697dd2f-c5b0-4fb1-9b91-77dc4f5d934c","btnAQSShowCredits":"5de11eec-7cc7-459c-8960-5a4490c2ace6","btnAQSReleaseNotes":"861d2cbf-7a22-44be-8dd1-f735139048b0","btnAQSPlay":"d97a4e8b-7830-41c1-bf9b-7fa1cdc09c9f","adQuest - SelectQuiz":"d0fdc6d4-266f-4c58-aacd-dacfda100a2f","imgSELLogo":"7df2bc8e-e72c-4a17-a89f-c3c3f4cda646","cntSELSelectQuizBackground":"570fc9ee-c031-4332-ae32-3cbe44435de5","cntSELSelectQuiz":"18f86751-ee0c-45f5-ba48-111ddbb79f7c","glrSELSelectQuizOuter":"c2973f60-c1bb-48cb-b9ac-616f84ade514","c0c8aae6-48a1-429a-ba6e-bdbea252c8cf":"c09c46fb-07a7-4709-9862-17dcc3701119","glrSELSelectQuizInner":"726342d2-b417-4f76-86a1-820ee4e2535f","galleryTemplate3":"03efea9f-11e3-4009-adaa-c177eb9cd69a","btnSELSelectQuiz":"ae4c1166-e6a1-4e28-8df9-8642cb377644","imgSELSelectQuizQuizImage":"79a5fe42-4ff9-45fc-a3ac-4498b620d6e4","txtSELSelectQuizQuizName":"2ba8b016-4149-4631-809e-e4472e1641f9","txtSELVersionNumber":"0aec4722-c803-4690-82b7-14395f111dec","cntSELSelectedQuiz":"6cb5b1dc-2068-4dae-abd9-012bef4e77a1","txtSELSelectedQuizName":"4e309d1b-5339-4675-95dc-3030092a4471","txtSELSelectedQuizLanguage":"ce35c1b9-fa4d-4934-942a-6c675d5d9cd4","imgSELSelectedQuizImage":"9a13f7d2-0bc1-45d3-9b2e-7e049615b70a","btnSELGoToStart":"cd3e4b2f-25cf-457c-a2ac-f398b3fc72f1","btnAQGSelectQuiz":"471e4f8c-aa2b-4e90-8b22-5127aae578a6","btnSELStartGame":"f6f7ed7c-990a-49bc-8418-7aa6e91ac22c","audSELBackgroundMusic":"dbfed6d7-fbce-4d75-8292-8d323ff9f0a9","adQuest - Game":"678c27ca-0c08-4405-b0ef-7e6a73a1fa74"}