{"schemaVersion":"1.0","appDefinitionTemplate":{"id":"/providers/Microsoft.PowerApps/apps/","type":"Microsoft.PowerApps/apps","tags":{"primaryDeviceWidth":"1366","primaryDeviceHeight":"768","supportsPortrait":"true","supportsLandscape":"true","primaryFormFactor":"Tablet","showStatusBar":"false","publisherVersion":"3.25063.6","minimumRequiredApiVersion":"2.2.0","hasComponent":"false","hasUnlockedComponent":"false","isUnifiedRootApp":"false","sienaVersion":"20250702T120201Z-3.25063.6.0","coauthoringEnabled":"true","multipleWritersEnabled":"true","acceptedCoauthoringTerms":"true"},"properties":{"appVersion":"2025-07-02T12:02:01Z","lifeCycleId":"Published","createdByClientVersion":{"major":3,"minor":25063,"build":6,"revision":0,"majorRevision":0,"minorRevision":0},"minClientVersion":{"major":3,"minor":25063,"build":6,"revision":0,"majorRevision":0,"minorRevision":0},"backgroundColor":"rgba(0, 0, 0, 1)","backgroundImageUri":"/12089260069658351354/Nc3b0a9de-d15e-4ae7-86a2-831820e6620d-logoSmallFile","displayName":"adQuest_Exercise005_final","description":"","commitMessage":"","appUris":{"documentUri":{"value":"/12089260069658351354/Na9306c38-c16e-42c4-8682-e995e5be0c03-document.msapp"},"imageUris":[],"additionalUris":[{"isSolutionAware":false,"value":"/12089260069658351354/N812b0ddb-5f25-41f0-978e-ebad31505794-identity.json"}]},"createdTime":"0001-01-01T00:00:00Z","lastModifiedTime":"0001-01-01T00:00:00Z","sharedGroupsCount":0,"sharedUsersCount":0,"connectionReferences":{"2ffe88f0-cf20-4ab2-9eb1-c7579ea3ee14":{"id":"44c26e97-38b0-40e0-b250-594ac77a009d","displayName":"Logic flows","iconUri":"https://conn-afd-prod-endpoint-bmc9bqahasf3grgk.b01.azurefd.net/v1.0.1752/1.0.1752.4216/logicflows/icon.png","dataSources":["adQuest-GetQuizList_v01_Exercise005_final"],"dependencies":[],"dependents":[],"parameterHints":{"workflowName":{"value":"ef3d12da-208a-49a4-9d8a-17fe34171b93"},"workflowEntityId":{},"workflowDisplayName":{"value":"adQuest-GetQuizList_v01_Exercise005_final"}},"parameterHintsV2":{"workflowName":{"value":"ef3d12da-208a-49a4-9d8a-17fe34171b93"},"workflowEntityId":{},"workflowDisplayName":{"value":"adQuest-GetQuizList_v01_Exercise005_final"}},"isOnPremiseConnection":false,"bypassConsent":false,"dataSets":{},"apiTier":"Standard","isCustomApiConnection":false,"actions":["Run"]},"32b102c0-d131-4557-b53b-89452369285d":{"id":"44c26e97-38b0-40e0-b250-594ac77a009d","displayName":"Logic flows","iconUri":"https://conn-afd-prod-endpoint-bmc9bqahasf3grgk.b01.azurefd.net/v1.0.1752/1.0.1752.4216/logicflows/icon.png","dataSources":["adQuest-GetQuiz_v02_Exercise005_final"],"dependencies":[],"dependents":[],"parameterHints":{"workflowName":{"value":"b4a3098e-9b9e-45c3-9c18-03c60cd3e393"},"workflowEntityId":{},"workflowDisplayName":{"value":"adQuest-GetQuiz_v02_Exercise005_final"}},"parameterHintsV2":{"workflowName":{"value":"b4a3098e-9b9e-45c3-9c18-03c60cd3e393"},"workflowEntityId":{},"workflowDisplayName":{"value":"adQuest-GetQuiz_v02_Exercise005_final"}},"isOnPremiseConnection":false,"bypassConsent":false,"dataSets":{},"apiTier":"Standard","isCustomApiConnection":false,"actions":["Run"]}},"databaseReferences":{},"almMode":"Environment","performanceOptimizationEnabled":true,"canConsumeAppPass":true,"enableModernRuntimeMode":false,"executionRestrictions":{"isTeamsOnly":false,"dataLossPreventionEvaluationResult":{"status":"Compliant","lastEvaluationDate":"2025-06-27T20:09:27.4131709Z","violations":[],"violationsByPolicy":[],"violationErrorMessage":"The app uses the following connectors: shared_logicflows, shared_sharepointonline."},"httpActionRestriction":{"appUsesSharepointHttpAction":false,"enforcementStrategy":"Legacy","evaluationTime":"2025-06-27T20:09:27.4129814Z"}}},"isAppComponentLibrary":false,"appType":"ClassicCanvasApp","appComponents":[]}}