{"__Version":"0.1","App":"902a2dc3-6f5c-41c6-a620-4971004fd7d9","Test_7F478737223C4B69":"d2fad655-c547-454b-8fbb-ffb80d1116fb","Host":"5033b64b-b4f5-4a79-9cb0-561cce67baa6","adQuest - Loading":"c3a95cb6-917b-4a5e-b055-0a5bd60d59f2","rctLOABackground":"600f5151-c28b-48dc-a744-41e5ed90e27e","imgLOAAnimation":"d234e856-8a10-4716-b857-ebee213839c3","txtLOAVersionNumber":"55657f88-2053-4079-a7fc-4a9e2f90b630","audLOABackgroundnoise":"f7467d17-14b9-4f04-b125-b57cec333b43","audLOAWelcome":"626a00e0-8df2-4b17-99c5-b1b96a75a149","btnLOAStartGame":"b8656c09-bef0-400d-bff6-715003594f79","tmrLOAGameStarter":"94bdbda1-c466-4098-8126-e697a0b8b21c","txtLOADebug":"58d0cf87-2810-41a8-b725-f193a80e7922","adQuest - Start":"521ea5cf-5acd-408f-a6de-c53bd379ca4f","audAQSBackgroundMusic":"83287585-94fe-48ae-be8c-0a74a8bd97a0","audAQSPlayerAngryGirlWaiting":"d2e50641-07eb-4d7f-a17c-647a284d67fd","txtAQSVersionNumber":"31d4be99-0d19-4b95-886d-e93a9fddb034","cntAQSCreditsBackground":"3717b2b2-fd30-47a6-ab28-fa91d65783f7","cntAQSCredits":"8c3888e7-8581-485f-bb2f-986bfd14b1b2","imgAQSCreditPicture":"52a54c47-6333-43f5-ad00-ea371b62e42a","htmAQSCreditContent":"93289e51-7e28-4616-806f-a0c6e4c65783","btnAQSCreditNavigateLeft":"ece09657-54b7-4f28-9216-13fb606a68fd","btnAQSCreditNavigateRight":"cb270312-31eb-4fd0-9aea-33ba61ca975d","btnAQSCreditsClose":"72fb1c7e-ac68-4e71-9073-693b5e6844de","cntAQSReleaseNotesBackground":"72ae6807-c5ce-4938-a263-306e03ba8631","cntAQSReleaseNotes":"ce098e63-9ff5-4827-8f2e-568fe0f9f2c2","htmAQSReleaseNotes":"ed7d7574-7a9b-446d-9ed6-6ad37a2267c3","btnAQSReleaseNotesClose":"27b8b2d1-08ab-4d25-b559-ddc18ec766d2","cntAQSRegisterPlayerBackground":"69dc8198-0b17-49b2-bdba-04131874f202","cntAQSRegisterPlayer":"5db0507d-b9dc-47d6-89cc-634d1c844407","txtAQSHeader":"7b0fd98a-eee7-457f-ae4e-247059d62f11","imgAQSMiddleAvatarPicture":"459c22f9-2a4f-4948-9d24-e77bbddeccc8","txtAQSMiddleAvatarPictureUsedByPlayer":"1d577135-4b92-41e9-b727-435907b797c3","imgAQSLeftAvatarPicture":"436f902c-3a7c-4c37-8823-df9abb03d6a2","txtAQSLeftAvatarPictureUsedByPlayer":"48344301-9676-445a-b67b-1ca777ebb22c","imgAQSRightAvatarPicture":"25d68910-9f55-4c2f-9a39-9452680fe8c9","txtAQSRightAvatarPictureUsedByPlayer":"2172d966-1d87-4699-8756-472fb1e2ec16","btnAQSRegisterPlayerNavigateLeft":"c27fdd56-6100-4e62-93bc-0c268edd63b5","btnAQSRegisterAvatarNavigateRight":"9d7ab5a2-a8c1-43e0-9832-d6b02eee5e81","txtAQSLeftAvatarName":"80c1d73a-82b0-4317-90c3-0b9045bd8de1","txtAQSRightPAvatarName":"199edb16-eaf3-42cd-9d1b-0fcf3f1f99ef","txtAQSMiddleAvatarName":"9a560202-1175-4797-8084-6c7444f5556a","btnAQSRemovePlayer":"30d31367-ad94-4900-8730-1f1733ffdd25","btnAQSAvatarCancel":"7d6eddb4-b579-4ef1-8051-25e1131b32c5","btnAQSAvatarOK":"4ec624bc-2802-45f0-b8ff-da3daa2bf2b4","tmrAQSAngryGirlWaitingSounds":"2557b8bd-1a8d-4d75-9d04-9506b8222261","imgAQSLogo":"f1326543-4e22-4bed-8f24-c88e2c7409b2","cntAQSPlayerImagesAndButtons":"bec0e6b8-c2ad-4ccd-a95b-fe794071821c","imgRegisterAvatar1":"810ec81a-3d25-42c5-9a54-9d6f5db30b5e","btnRegisterAvatar1":"7030445f-b594-4c33-9f12-17537a9a1303","imgRegisterAvatar2":"139fb306-29d7-4b02-aed1-1e344f6cd4ce","btnRegisterAvatar2":"0a92ebf5-463c-443e-bc9e-b721d6e15510","imgRegisterAvatar3":"b51ba86e-44ec-4df9-85e5-d24ef705528b","btnRegisterAvatar3":"a3090085-40a5-4c01-87dc-60c78258f361","imgRegisterAvatar4":"ee373556-b2fd-455b-946a-f644b00dd352","btnRegisterAvatar4":"e196853b-d96b-4ef5-a756-2ce42ef0bbc3","btnAQSShowCredits":"5647ec0e-ad5a-49a6-958e-48e573f38423","btnAQSReleaseNotes":"c44af1b3-0b55-417d-9b7e-422442c45174","btnAQSPlay":"b75ddbec-1c17-4f0a-b7aa-e13fcd7c6b32","adQuest - SelectQuiz":"9c596bf0-b214-4931-acca-631cf08ae628","imgSELLogo":"d1bcb07e-f584-489b-94d7-132494c02181","cntSELSelectQuizBackground":"1f99db6e-4a8f-4edb-888c-9b756e8d46d7","cntSELSelectQuiz":"fdcd5764-de3b-49a9-b31a-0ddf033e5c88","glrSELSelectQuizOuter":"98ba4ec6-6321-4130-a058-24b4647f1a09","c0c8aae6-48a1-429a-ba6e-bdbea252c8cf":"41124e2e-de73-42b4-a5b7-89e90d36912a","glrSELSelectQuizInner":"7e4d1c77-937c-4acd-8304-be02b05beb07","galleryTemplate3":"dc65af89-b24c-4a93-80df-385dd21d55f5","btnSELSelectQuiz":"c470a83d-7f58-4bd0-8f4c-f49c13085200","imgSELSelectQuizQuizImage":"4d6322f5-5ac4-4cfb-90ee-f3e186f8399d","txtSELSelectQuizQuizName":"4af7b828-2ca5-48de-98d3-0fb13d28ce45","txtSELVersionNumber":"2f523669-0b1e-4f7c-bcf8-af534e2155b8","cntSELSelectedQuiz":"f7741f7e-850d-47d2-babe-d2f9c99402da","txtSELSelectedQuizName":"4696d297-85c7-44b5-9e5d-898c40f10497","txtSELSelectedQuizLanguage":"5b8c8bca-5652-4cfd-b852-e56e806b9606","imgSELSelectedQuizImage":"a6d7332e-2271-436f-a563-3d501ef97853","btnSELGoToStart":"f5455c47-136d-4a93-902f-fa247e66ddf1","btnAQGSelectQuiz":"a23595db-3c1a-4985-a1e8-bcb646752acd","btnSELStartGame":"f6979108-4ed8-4010-867b-8f53328ba16b","audSELBackgroundMusic":"d5aec267-ddf9-415a-8f1a-b8efa50e812d","adQuest - Game":"17f0a945-768a-497b-acee-2fd45f8a66d2","imgGAMLogo":"6d066522-a79a-45ef-9b1e-ec95e6f85852","txtGAMVersionNumber":"9e626793-aa00-4357-895a-c68d7cca81ff","audGAMBackgroundMusic":"fc30aae8-7230-413f-a2c4-c725220d6986","cntGAMFinalBackground":"537d5e69-7b98-4f45-a867-16b5e0ccf5af","cntGAMGameFinal":"5018eabb-3d92-40f0-9fb0-27f68d18afe1","glrGAMFinal":"54c97308-6c73-4092-83df-c793ee11cdbb","ebd4ee4d-433a-455f-9a49-7c450e9d1eeb":"2ac11070-5c6d-4ed7-9e54-e2659dc1124b","txtGAMFinalAnswersNone":"84be3f77-69f6-4979-9675-fab0396312dc","txtGAMFinalAnswersWrong":"23f35ccd-ec66-4af1-be2e-f585b383de59","txtGAMFinalAnswersCorrect":"0f7e7b7a-07a4-4dc7-803d-7520a552c126","txtGAMFinalResponseTime":"3251840a-69a4-4adf-ab3f-32f41666348e","txtGAMFinalPlayerName":"c5f05363-323f-4c21-82c9-21c65575111d","imgGAMFinalPlayerImage":"ce50fa19-1b0e-4221-aae6-ffad5c37f6b7","imgGAMFinalRank":"de010f12-1654-495b-a0ca-74badcb052dc","txtGAMFinalHeader":"c74f7cd7-edea-4a16-bb8f-89dcb2399bd8","cntGAMGameBackground":"849d21a3-79e2-49e7-abff-cb69b0aea02d","cntGAMGame":"11c63e6f-e1da-41ae-8210-46afdaa80b5b","txtGAMQuestion":"6d129705-e424-4aea-9b61-4c945037a15f","btnGAMAnswerD":"ec47f228-90a6-4f4a-8528-d0d08d98dc3d","btnGAMAnswerC":"21a456d9-4d66-4822-92e6-ceba946d6006","btnGAMAnswerB":"eed5a2a1-3e55-45e1-baa1-b3e2e898df52","btnGAMAnswerA":"2eef9dda-188b-4ae9-a892-4f196a867d3a","btnGAMNextQuestion":"f6a318bd-5ea0-4dc4-aceb-611e07cb1165","txtGAMQuestionID":"c9536fbd-5033-4089-8a6b-5ea87d3a88ca","cntGAMKeyboard":"c1093d91-a732-4808-991f-58cfcf451ef6","txtGAMPlayer4":"8fbfb598-8177-4667-a8b7-8c7c110a63d3","imgGAMVirtualPlayer4":"b4e4c486-1bdb-4bb8-b08a-70b8c89fc721","imgGAMKeyboardCapP":"8de084aa-3781-4d4b-b2d5-8c16aa32f447","txtGAMAnswerPlayer4":"5f02855a-c6d4-4ae4-a371-9dbdde09aaaa","txtGAMPlayer3":"2efc3b65-be6f-431b-8750-f264cc62029d","imgGAMVirtualPlayer3":"19c7f61a-79df-4172-95b5-0c579a811639","imgGAMKeyboardCapN":"521c68f3-4f8b-4ee6-bc55-fb30ed339628","txtGAMAnswerPlayer3":"225fd6a5-e07e-432d-9580-48180ef12fde","txtGAMPlayer2":"eabf64d0-2615-4b7d-a9f6-22149043ea32","imgGAMVirtualPlayer2":"2a5965ce-7f74-465f-bd44-3ff259cb9014","imgGAMKeyboardCapR":"149509e8-0639-47b3-9102-772f80a87149","txtGAMAnswerPlayer2":"8d3de8b7-e2f9-48a6-b20f-0d53ff887f00","txtGAMPlayer1":"f11adaf0-bb4c-45fb-b6ff-bdbc5cee947f","imgGAMVirtualPlayer1":"985e158a-8576-40a8-8796-d18686610d9a","imgGAMKeyboardCapY":"cc8f242d-8919-444b-b251-933249dd9763","txtGAMAnswerPlayer1":"9f4455e1-a753-441c-b8bf-c4ea7f934ad2","cntGAMGameStartBackground":"ed55465f-573b-41fa-8a63-6b77dcb5531e","cntGAMGameStart":"734d4728-763a-4877-afe4-792807765801","btnGAMReady":"bc61ba4e-358d-43ce-8337-ae691133d1fd","cntGAMKGameStartKeyboard":"e719785e-13d7-4c0d-ad20-cf1939a0a011","txtGAMGameStartPlayer4":"4b05a1cb-44aa-443a-a4c4-400f65cf367f","imgGAMGameStartVirtualPlayer4":"49daeaaf-8c2e-439b-a4f6-3db3fef85f57","imgGAMGameStartKeyboardCapP":"04fc4812-0c48-4dc9-9fbf-5c4b0dfc1508","txtGAMGameStartPlayer3":"da2110cd-23ec-4400-abd2-53cbbbc621cb","imgGAMGameStartVirtualPlayer3":"4053dca4-8a7f-49e2-ae99-4074187cf509","imgGAMGameStartKeyboardCapN":"9748ba40-22ea-4e81-971e-489849834bd9","txtGAMGameStartPlayer2":"4748efcf-bbe5-46ae-836c-9f2bf3160b00","imgGAMGameStartVirtualPlayer2":"ec3f25da-464e-493e-a863-03fed47b17af","imgGAMGameStartKeyboardCapR":"8c5c09c3-8547-4437-806f-d292458fc634","txtGAMGameStartPlayer1":"1b691ed8-c50b-40ea-b70e-75187e868378","imgGAMGameStartVirtualPlayer1":"0c1fc76e-3449-4b58-98f4-107437056047","imgGAMGameStartKeyboardCapY":"a48d3c20-c707-45f7-ac1d-111608e2e3bc","TextCanvas1":"451e1072-fdc9-4728-8edc-4f25ef005741","cntGAMActivePlayer":"8cc405ab-ddb2-4c54-b5ca-f70277ac898d","imgGAMActivePlayer":"a5015fd3-8058-48f3-a3b7-38edee81d5f9","txtGAMActivePlayer":"24e5e388-a89a-4072-b971-81b83aafd9ef","cntGAMTimerControls":"2b5657fb-1532-41c3-bd71-043d34b0feed","txtGAMSecondsLeft":"b17354ee-56e9-4290-b725-ba49c9a20622","cntGAMWorkerControls":"26ecbe6d-95b8-4989-9fa0-b33e45439a95","btnGAMSimulateGame":"8abad10a-c742-438d-9b43-6bbb0ce8dfd1","tmrGAMSub":"2767fd79-c8e4-4524-ac94-76cd9962045c","tmrGAMMain":"46c27889-d2e7-4c0f-810e-97135c564a8f","btnGAMStartAgain":"68c23bbd-d2d5-42da-bdf8-1861f1602ceb","txtGAMKeyInput":"33093efe-8e12-4da2-9e28-679ad396f8d4","rctGAMHideWorkerControls":"9e71a3f6-c797-4370-8f13-841d453a4ca1","txtGAMQuizName":"e8a5639a-7f44-48ad-ba4c-28a5c56d9138"}