{"name":"62a86972-89eb-419f-91bb-d69dc8ccff7e","id":"/providers/Microsoft.Flow/flows/62a86972-89eb-419f-91bb-d69dc8ccff7e","type":"Microsoft.Flow/flows","properties":{"apiId":"/providers/Microsoft.PowerApps/apis/shared_logicflows","displayName":"adquest-GetQuiz_v02","definition":{"metadata":{"workflowEntityId":"cda1b607-4e47-f011-877a-6045bde0e9fa","processAdvisorMetadata":null,"flowChargedByPaygo":null,"flowclientsuspensionreason":"None","flowclientsuspensiontime":null,"flowclientsuspensionreasondetails":null,"creator":{"id":"4a696c61-d702-4e20-8189-cc1a7c5cf7a0","type":"User","tenantId":"3d355765-67d9-47cd-9c7a-bf31179f56eb"},"provisioningMethod":"FromDefinition","failureAlertSubscription":true,"clientLastModifiedTime":"2025-07-01T08:52:08.5382313Z","connectionKeySavedTimeKey":"2025-07-01T08:52:08.5382313Z","creationSource":null,"modifiedSources":"Portal"},"$schema":"https://schema.management.azure.com/providers/Microsoft.Logic/schemas/2016-06-01/workflowdefinition.json#","contentVersion":"undefined","parameters":{"$authentication":{"defaultValue":{},"type":"SecureObject"}},"triggers":{"manual":{"metadata":{"operationMetadataId":"ba2d34e4-4ef3-48dc-8489-f61301f48bdd"},"type":"Request","kind":"PowerAppV2","inputs":{"schema":{"type":"object","properties":{"number":{"description":"0","title":"QuizID","type":"number","x-ms-content-hint":"NUMBER","x-ms-dynamically-added":true}},"required":["number"]}}}},"actions":{"Respond_to_a_Power_App_or_flow":{"runAfter":{"Filter_array":["Succeeded"]},"metadata":{"operationMetadataId":"b39b98b4-2104-4ae7-963d-6070ae0e7861"},"type":"Response","kind":"PowerApp","inputs":{"statusCode":200,"body":{"quizjson":"@{first(body('Filter_array'))}"},"schema":{"type":"object","properties":{"quizjson":{"title":"QuizJSON","x-ms-dynamically-added":true,"type":"string"}}}}},"Initialize_QuizAllQuizJSON":{"runAfter":{},"metadata":{"operationMetadataId":"e293d13a-f434-49af-b41e-184a7f25ba4c"},"type":"InitializeVariable","inputs":{"variables":[{"name":"varQuizAllQuizJSON","type":"string"}]}},"Set_QuizAllQuizJSON":{"runAfter":{"Initialize_QuizAllQuizJSON":["Succeeded"]},"metadata":{"operationMetadataId":"5220031c-263a-470e-a9d1-67d85687ea62"},"type":"SetVariable","inputs":{"name":"varQuizAllQuizJSON","value":"{\n  \"quizzes\": [\n    {\n      \"id\": 1,\n      \"name\": \"adQuest - edge of glory Quiz 01\",\n      \"language\": \"de\",\n      \"image\": \"https://adquest.blob.core.windows.net/quizimages/test/01.png\",\n      \"questions\": [\n        {\n          \"question\": \"Quiz 01 - Question 01 (Answer c)\",\n          \"answera\": \"Answer A\",\n          \"answerb\": \"Answer B\",\n          \"answerc\": \"Answer C\",\n          \"answerd\": \"Answer D\",\n          \"correctAnswer\": \"c\",\n          \"id\": 1\n        },\n        {\n          \"question\": \"Quiz 01 - Question 02 (Answer b)\",\n          \"answera\": \"Answer A\",\n          \"answerb\": \"Answer B\",\n          \"answerc\": \"Answer C\",\n          \"answerd\": \"Answer D\",\n          \"correctAnswer\": \"b\",\n          \"id\": 2\n        },\n        {\n          \"question\": \"Quiz 01 - Question 03 (Answer b)\",\n          \"answera\": \"Answer A\",\n          \"answerb\": \"Answer B\",\n          \"answerc\": \"Answer C\",\n          \"answerd\": \"Answer D\",\n          \"correctAnswer\": \"b\",\n          \"id\": 3\n        },\n        {\n          \"question\": \"Quiz 01 - Question 04 (Answer b)\",\n          \"answera\": \"Answer A\",\n          \"answerb\": \"Answer B\",\n          \"answerc\": \"Answer C\",\n          \"answerd\": \"Answer D\",\n          \"correctAnswer\": \"b\",\n          \"id\": 4\n        },\n        {\n          \"question\": \"Quiz 01 - Question 05 (Answer d)\",\n          \"answera\": \"Answer A\",\n          \"answerb\": \"Answer B\",\n          \"answerc\": \"Answer C\",\n          \"answerd\": \"Answer D\",\n          \"correctAnswer\": \"d\",\n          \"id\": 5\n        },\n        {\n          \"question\": \"Quiz 01 - Question 06 (Answer d)\",\n          \"answera\": \"Answer A\",\n          \"answerb\": \"Answer B\",\n          \"answerc\": \"Answer C\",\n          \"answerd\": \"Answer D\",\n          \"correctAnswer\": \"d\",\n          \"id\": 6\n        },\n        {\n          \"question\": \"Quiz 01 - Question 07 (Answer a)\",\n          \"answera\": \"Answer A\",\n          \"answerb\": \"Answer B\",\n          \"answerc\": \"Answer C\",\n          \"answerd\": \"Answer D\",\n          \"correctAnswer\": \"a\",\n          \"id\": 7\n        },\n        {\n          \"question\": \"Quiz 01 - Question 08 (Answer c)\",\n          \"answera\": \"Answer A\",\n          \"answerb\": \"Answer B\",\n          \"answerc\": \"Answer C\",\n          \"answerd\": \"Answer D\",\n          \"correctAnswer\": \"c\",\n          \"id\": 8\n        },\n        {\n          \"question\": \"Quiz 01 - Question 09 (Answer c)\",\n          \"answera\": \"Answer A\",\n          \"answerb\": \"Answer B\",\n          \"answerc\": \"Answer C\",\n          \"answerd\": \"Answer D\",\n          \"correctAnswer\": \"c\",\n          \"id\": 9\n        },\n        {\n          \"question\": \"Quiz 01 - Question 10 (Answer c)\",\n          \"answera\": \"Answer A\",\n          \"answerb\": \"Answer B\",\n          \"answerc\": \"Answer C\",\n          \"answerd\": \"Answer D\",\n          \"correctAnswer\": \"c\",\n          \"id\": 10\n        },\n        {\n          \"question\": \"Quiz 01 - Question 11 (Answer d)\",\n          \"answera\": \"Answer A\",\n          \"answerb\": \"Answer B\",\n          \"answerc\": \"Answer C\",\n          \"answerd\": \"Answer D\",\n          \"correctAnswer\": \"d\",\n          \"id\": 11\n        },\n        {\n          \"question\": \"Quiz 01 - Question 12 (Answer d)\",\n          \"answera\": \"Answer A\",\n          \"answerb\": \"Answer B\",\n          \"answerc\": \"Answer C\",\n          \"answerd\": \"Answer D\",\n          \"correctAnswer\": \"d\",\n          \"id\": 12\n        },\n        {\n          \"question\": \"Quiz 01 - Question 13 (Answer c)\",\n          \"answera\": \"Answer A\",\n          \"answerb\": \"Answer B\",\n          \"answerc\": \"Answer C\",\n          \"answerd\": \"Answer D\",\n          \"correctAnswer\": \"c\",\n          \"id\": 13\n        },\n        {\n          \"question\": \"Quiz 01 - Question 14 (Answer c)\",\n          \"answera\": \"Answer A\",\n          \"answerb\": \"Answer B\",\n          \"answerc\": \"Answer C\",\n          \"answerd\": \"Answer D\",\n          \"correctAnswer\": \"c\",\n          \"id\": 14\n        },\n        {\n          \"question\": \"Quiz 01 - Question 15 (Answer b)\",\n          \"answera\": \"Answer A\",\n          \"answerb\": \"Answer B\",\n          \"answerc\": \"Answer C\",\n          \"answerd\": \"Answer D\",\n          \"correctAnswer\": \"b\",\n          \"id\": 15\n        },\n        {\n          \"question\": \"Quiz 01 - Question 16 (Answer d)\",\n          \"answera\": \"Answer A\",\n          \"answerb\": \"Answer B\",\n          \"answerc\": \"Answer C\",\n          \"answerd\": \"Answer D\",\n          \"correctAnswer\": \"d\",\n          \"id\": 16\n        },\n        {\n          \"question\": \"Quiz 01 - Question 17 (Answer b)\",\n          \"answera\": \"Answer A\",\n          \"answerb\": \"Answer B\",\n          \"answerc\": \"Answer C\",\n          \"answerd\": \"Answer D\",\n          \"correctAnswer\": \"b\",\n          \"id\": 17\n        },\n        {\n          \"question\": \"Quiz 01 - Question 18 (Answer d)\",\n          \"answera\": \"Answer A\",\n          \"answerb\": \"Answer B\",\n          \"answerc\": \"Answer C\",\n          \"answerd\": \"Answer D\",\n          \"correctAnswer\": \"d\",\n          \"id\": 18\n        },\n        {\n          \"question\": \"Quiz 01 - Question 19 (Answer a)\",\n          \"answera\": \"Answer A\",\n          \"answerb\": \"Answer B\",\n          \"answerc\": \"Answer C\",\n          \"answerd\": \"Answer D\",\n          \"correctAnswer\": \"a\",\n          \"id\": 19\n        },\n        {\n          \"question\": \"Quiz 01 - Question 20 (Answer b)\",\n          \"answera\": \"Answer A\",\n          \"answerb\": \"Answer B\",\n          \"answerc\": \"Answer C\",\n          \"answerd\": \"Answer D\",\n          \"correctAnswer\": \"b\",\n          \"id\": 20\n        },\n        {\n          \"question\": \"Quiz 01 - Question 21 (Answer d)\",\n          \"answera\": \"Answer A\",\n          \"answerb\": \"Answer B\",\n          \"answerc\": \"Answer C\",\n          \"answerd\": \"Answer D\",\n          \"correctAnswer\": \"d\",\n          \"id\": 21\n        }\n      ]\n    },\n    {\n      \"id\": 2,\n      \"name\": \"adQuest - edge of glory Quiz 02\",\n      \"language\": \"de\",\n      \"image\": \"https://adquest.blob.core.windows.net/quizimages/test/02.png\",\n      \"questions\": [\n        {\n          \"question\": \"Quiz 02 - Question 01 (Answer c)\",\n          \"answera\": \"Answer A\",\n          \"answerb\": \"Answer B\",\n          \"answerc\": \"Answer C\",\n          \"answerd\": \"Answer D\",\n          \"correctAnswer\": \"c\",\n          \"id\": 1\n        },\n        {\n          \"question\": \"Quiz 02 - Question 02 (Answer d)\",\n          \"answera\": \"Answer A\",\n          \"answerb\": \"Answer B\",\n          \"answerc\": \"Answer C\",\n          \"answerd\": \"Answer D\",\n          \"correctAnswer\": \"d\",\n          \"id\": 2\n        },\n        {\n          \"question\": \"Quiz 02 - Question 03 (Answer a)\",\n          \"answera\": \"Answer A\",\n          \"answerb\": \"Answer B\",\n          \"answerc\": \"Answer C\",\n          \"answerd\": \"Answer D\",\n          \"correctAnswer\": \"a\",\n          \"id\": 3\n        },\n        {\n          \"question\": \"Quiz 02 - Question 04 (Answer c)\",\n          \"answera\": \"Answer A\",\n          \"answerb\": \"Answer B\",\n          \"answerc\": \"Answer C\",\n          \"answerd\": \"Answer D\",\n          \"correctAnswer\": \"c\",\n          \"id\": 4\n        },\n        {\n          \"question\": \"Quiz 02 - Question 05 (Answer d)\",\n          \"answera\": \"Answer A\",\n          \"answerb\": \"Answer B\",\n          \"answerc\": \"Answer C\",\n          \"answerd\": \"Answer D\",\n          \"correctAnswer\": \"d\",\n          \"id\": 5\n        },\n        {\n          \"question\": \"Quiz 02 - Question 06 (Answer b)\",\n          \"answera\": \"Answer A\",\n          \"answerb\": \"Answer B\",\n          \"answerc\": \"Answer C\",\n          \"answerd\": \"Answer D\",\n          \"correctAnswer\": \"b\",\n          \"id\": 6\n        },\n        {\n          \"question\": \"Quiz 02 - Question 07 (Answer a)\",\n          \"answera\": \"Answer A\",\n          \"answerb\": \"Answer B\",\n          \"answerc\": \"Answer C\",\n          \"answerd\": \"Answer D\",\n          \"correctAnswer\": \"a\",\n          \"id\": 7\n        },\n        {\n          \"question\": \"Quiz 02 - Question 08 (Answer a)\",\n          \"answera\": \"Answer A\",\n          \"answerb\": \"Answer B\",\n          \"answerc\": \"Answer C\",\n          \"answerd\": \"Answer D\",\n          \"correctAnswer\": \"a\",\n          \"id\": 8\n        },\n        {\n          \"question\": \"Quiz 02 - Question 09 (Answer d)\",\n          \"answera\": \"Answer A\",\n          \"answerb\": \"Answer B\",\n          \"answerc\": \"Answer C\",\n          \"answerd\": \"Answer D\",\n          \"correctAnswer\": \"d\",\n          \"id\": 9\n        },\n        {\n          \"question\": \"Quiz 02 - Question 10 (Answer c)\",\n          \"answera\": \"Answer A\",\n          \"answerb\": \"Answer B\",\n          \"answerc\": \"Answer C\",\n          \"answerd\": \"Answer D\",\n          \"correctAnswer\": \"c\",\n          \"id\": 10\n        },\n        {\n          \"question\": \"Quiz 02 - Question 11 (Answer b)\",\n          \"answera\": \"Answer A\",\n          \"answerb\": \"Answer B\",\n          \"answerc\": \"Answer C\",\n          \"answerd\": \"Answer D\",\n          \"correctAnswer\": \"b\",\n          \"id\": 11\n        },\n        {\n          \"question\": \"Quiz 02 - Question 12 (Answer b)\",\n          \"answera\": \"Answer A\",\n          \"answerb\": \"Answer B\",\n          \"answerc\": \"Answer C\",\n          \"answerd\": \"Answer D\",\n          \"correctAnswer\": \"b\",\n          \"id\": 12\n        },\n        {\n          \"question\": \"Quiz 02 - Question 13 (Answer b)\",\n          \"answera\": \"Answer A\",\n          \"answerb\": \"Answer B\",\n          \"answerc\": \"Answer C\",\n          \"answerd\": \"Answer D\",\n          \"correctAnswer\": \"b\",\n          \"id\": 13\n        },\n        {\n          \"question\": \"Quiz 02 - Question 14 (Answer b)\",\n          \"answera\": \"Answer A\",\n          \"answerb\": \"Answer B\",\n          \"answerc\": \"Answer C\",\n          \"answerd\": \"Answer D\",\n          \"correctAnswer\": \"b\",\n          \"id\": 14\n        },\n        {\n          \"question\": \"Quiz 02 - Question 15 (Answer b)\",\n          \"answera\": \"Answer A\",\n          \"answerb\": \"Answer B\",\n          \"answerc\": \"Answer C\",\n          \"answerd\": \"Answer D\",\n          \"correctAnswer\": \"b\",\n          \"id\": 15\n        },\n        {\n          \"question\": \"Quiz 02 - Question 16 (Answer b)\",\n          \"answera\": \"Answer A\",\n          \"answerb\": \"Answer B\",\n          \"answerc\": \"Answer C\",\n          \"answerd\": \"Answer D\",\n          \"correctAnswer\": \"b\",\n          \"id\": 16\n        },\n        {\n          \"question\": \"Quiz 02 - Question 17 (Answer b)\",\n          \"answera\": \"Answer A\",\n          \"answerb\": \"Answer B\",\n          \"answerc\": \"Answer C\",\n          \"answerd\": \"Answer D\",\n          \"correctAnswer\": \"b\",\n          \"id\": 17\n        },\n        {\n          \"question\": \"Quiz 02 - Question 18 (Answer a)\",\n          \"answera\": \"Answer A\",\n          \"answerb\": \"Answer B\",\n          \"answerc\": \"Answer C\",\n          \"answerd\": \"Answer D\",\n          \"correctAnswer\": \"a\",\n          \"id\": 18\n        },\n        {\n          \"question\": \"Quiz 02 - Question 19 (Answer d)\",\n          \"answera\": \"Answer A\",\n          \"answerb\": \"Answer B\",\n          \"answerc\": \"Answer C\",\n          \"answerd\": \"Answer D\",\n          \"correctAnswer\": \"d\",\n          \"id\": 19\n        },\n        {\n          \"question\": \"Quiz 02 - Question 20 (Answer b)\",\n          \"answera\": \"Answer A\",\n          \"answerb\": \"Answer B\",\n          \"answerc\": \"Answer C\",\n          \"answerd\": \"Answer D\",\n          \"correctAnswer\": \"b\",\n          \"id\": 20\n        },\n        {\n          \"question\": \"Quiz 02 - Question 21 (Answer a)\",\n          \"answera\": \"Answer A\",\n          \"answerb\": \"Answer B\",\n          \"answerc\": \"Answer C\",\n          \"answerd\": \"Answer D\",\n          \"correctAnswer\": \"a\",\n          \"id\": 21\n        }\n      ]\n    },\n    {\n      \"id\": 3,\n      \"name\": \"adQuest - edge of glory Quiz 03\",\n      \"language\": \"de\",\n      \"image\": \"https://adquest.blob.core.windows.net/quizimages/test/03.png\",\n      \"questions\": [\n        {\n          \"question\": \"Quiz 03 - Question 01 (Answer c)\",\n          \"answera\": \"Answer A\",\n          \"answerb\": \"Answer B\",\n          \"answerc\": \"Answer C\",\n          \"answerd\": \"Answer D\",\n          \"correctAnswer\": \"c\",\n          \"id\": 1\n        },\n        {\n          \"question\": \"Quiz 03 - Question 02 (Answer c)\",\n          \"answera\": \"Answer A\",\n          \"answerb\": \"Answer B\",\n          \"answerc\": \"Answer C\",\n          \"answerd\": \"Answer D\",\n          \"correctAnswer\": \"c\",\n          \"id\": 2\n        },\n        {\n          \"question\": \"Quiz 03 - Question 03 (Answer b)\",\n          \"answera\": \"Answer A\",\n          \"answerb\": \"Answer B\",\n          \"answerc\": \"Answer C\",\n          \"answerd\": \"Answer D\",\n          \"correctAnswer\": \"b\",\n          \"id\": 3\n        },\n        {\n          \"question\": \"Quiz 03 - Question 04 (Answer d)\",\n          \"answera\": \"Answer A\",\n          \"answerb\": \"Answer B\",\n          \"answerc\": \"Answer C\",\n          \"answerd\": \"Answer D\",\n          \"correctAnswer\": \"d\",\n          \"id\": 4\n        },\n        {\n          \"question\": \"Quiz 03 - Question 05 (Answer b)\",\n          \"answera\": \"Answer A\",\n          \"answerb\": \"Answer B\",\n          \"answerc\": \"Answer C\",\n          \"answerd\": \"Answer D\",\n          \"correctAnswer\": \"b\",\n          \"id\": 5\n        },\n        {\n          \"question\": \"Quiz 03 - Question 06 (Answer d)\",\n          \"answera\": \"Answer A\",\n          \"answerb\": \"Answer B\",\n          \"answerc\": \"Answer C\",\n          \"answerd\": \"Answer D\",\n          \"correctAnswer\": \"d\",\n          \"id\": 6\n        },\n        {\n          \"question\": \"Quiz 03 - Question 07 (Answer d)\",\n          \"answera\": \"Answer A\",\n          \"answerb\": \"Answer B\",\n          \"answerc\": \"Answer C\",\n          \"answerd\": \"Answer D\",\n          \"correctAnswer\": \"d\",\n          \"id\": 7\n        },\n        {\n          \"question\": \"Quiz 03 - Question 08 (Answer d)\",\n          \"answera\": \"Answer A\",\n          \"answerb\": \"Answer B\",\n          \"answerc\": \"Answer C\",\n          \"answerd\": \"Answer D\",\n          \"correctAnswer\": \"d\",\n          \"id\": 8\n        },\n        {\n          \"question\": \"Quiz 03 - Question 09 (Answer d)\",\n          \"answera\": \"Answer A\",\n          \"answerb\": \"Answer B\",\n          \"answerc\": \"Answer C\",\n          \"answerd\": \"Answer D\",\n          \"correctAnswer\": \"d\",\n          \"id\": 9\n        },\n        {\n          \"question\": \"Quiz 03 - Question 10 (Answer a)\",\n          \"answera\": \"Answer A\",\n          \"answerb\": \"Answer B\",\n          \"answerc\": \"Answer C\",\n          \"answerd\": \"Answer D\",\n          \"correctAnswer\": \"a\",\n          \"id\": 10\n        },\n        {\n          \"question\": \"Quiz 03 - Question 11 (Answer a)\",\n          \"answera\": \"Answer A\",\n          \"answerb\": \"Answer B\",\n          \"answerc\": \"Answer C\",\n          \"answerd\": \"Answer D\",\n          \"correctAnswer\": \"a\",\n          \"id\": 11\n        },\n        {\n          \"question\": \"Quiz 03 - Question 12 (Answer a)\",\n          \"answera\": \"Answer A\",\n          \"answerb\": \"Answer B\",\n          \"answerc\": \"Answer C\",\n          \"answerd\": \"Answer D\",\n          \"correctAnswer\": \"a\",\n          \"id\": 12\n        },\n        {\n          \"question\": \"Quiz 03 - Question 13 (Answer b)\",\n          \"answera\": \"Answer A\",\n          \"answerb\": \"Answer B\",\n          \"answerc\": \"Answer C\",\n          \"answerd\": \"Answer D\",\n          \"correctAnswer\": \"b\",\n          \"id\": 13\n        },\n        {\n          \"question\": \"Quiz 03 - Question 14 (Answer a)\",\n          \"answera\": \"Answer A\",\n          \"answerb\": \"Answer B\",\n          \"answerc\": \"Answer C\",\n          \"answerd\": \"Answer D\",\n          \"correctAnswer\": \"a\",\n          \"id\": 14\n        },\n        {\n          \"question\": \"Quiz 03 - Question 15 (Answer b)\",\n          \"answera\": \"Answer A\",\n          \"answerb\": \"Answer B\",\n          \"answerc\": \"Answer C\",\n          \"answerd\": \"Answer D\",\n          \"correctAnswer\": \"b\",\n          \"id\": 15\n        },\n        {\n          \"question\": \"Quiz 03 - Question 16 (Answer a)\",\n          \"answera\": \"Answer A\",\n          \"answerb\": \"Answer B\",\n          \"answerc\": \"Answer C\",\n          \"answerd\": \"Answer D\",\n          \"correctAnswer\": \"a\",\n          \"id\": 16\n        },\n        {\n          \"question\": \"Quiz 03 - Question 17 (Answer a)\",\n          \"answera\": \"Answer A\",\n          \"answerb\": \"Answer B\",\n          \"answerc\": \"Answer C\",\n          \"answerd\": \"Answer D\",\n          \"correctAnswer\": \"a\",\n          \"id\": 17\n        },\n        {\n          \"question\": \"Quiz 03 - Question 18 (Answer d)\",\n          \"answera\": \"Answer A\",\n          \"answerb\": \"Answer B\",\n          \"answerc\": \"Answer C\",\n          \"answerd\": \"Answer D\",\n          \"correctAnswer\": \"d\",\n          \"id\": 18\n        },\n        {\n          \"question\": \"Quiz 03 - Question 19 (Answer a)\",\n          \"answera\": \"Answer A\",\n          \"answerb\": \"Answer B\",\n          \"answerc\": \"Answer C\",\n          \"answerd\": \"Answer D\",\n          \"correctAnswer\": \"a\",\n          \"id\": 19\n        },\n        {\n          \"question\": \"Quiz 03 - Question 20 (Answer c)\",\n          \"answera\": \"Answer A\",\n          \"answerb\": \"Answer B\",\n          \"answerc\": \"Answer C\",\n          \"answerd\": \"Answer D\",\n          \"correctAnswer\": \"c\",\n          \"id\": 20\n        },\n        {\n          \"question\": \"Quiz 03 - Question 21 (Answer c)\",\n          \"answera\": \"Answer A\",\n          \"answerb\": \"Answer B\",\n          \"answerc\": \"Answer C\",\n          \"answerd\": \"Answer D\",\n          \"correctAnswer\": \"c\",\n          \"id\": 21\n        }\n      ]\n    },\n    {\n      \"id\": 4,\n      \"name\": \"adQuest - edge of glory Quiz 04\",\n      \"language\": \"de\",\n      \"image\": \"https://adquest.blob.core.windows.net/quizimages/test/04.png\",\n      \"questions\": [\n        {\n          \"question\": \"Quiz 04 - Question 01 (Answer b)\",\n          \"answera\": \"Answer A\",\n          \"answerb\": \"Answer B\",\n          \"answerc\": \"Answer C\",\n          \"answerd\": \"Answer D\",\n          \"correctAnswer\": \"b\",\n          \"id\": 1\n        },\n        {\n          \"question\": \"Quiz 04 - Question 02 (Answer d)\",\n          \"answera\": \"Answer A\",\n          \"answerb\": \"Answer B\",\n          \"answerc\": \"Answer C\",\n          \"answerd\": \"Answer D\",\n          \"correctAnswer\": \"d\",\n          \"id\": 2\n        },\n        {\n          \"question\": \"Quiz 04 - Question 03 (Answer d)\",\n          \"answera\": \"Answer A\",\n          \"answerb\": \"Answer B\",\n          \"answerc\": \"Answer C\",\n          \"answerd\": \"Answer D\",\n          \"correctAnswer\": \"d\",\n          \"id\": 3\n        },\n        {\n          \"question\": \"Quiz 04 - Question 04 (Answer d)\",\n          \"answera\": \"Answer A\",\n          \"answerb\": \"Answer B\",\n          \"answerc\": \"Answer C\",\n          \"answerd\": \"Answer D\",\n          \"correctAnswer\": \"d\",\n          \"id\": 4\n        },\n        {\n          \"question\": \"Quiz 04 - Question 05 (Answer c)\",\n          \"answera\": \"Answer A\",\n          \"answerb\": \"Answer B\",\n          \"answerc\": \"Answer C\",\n          \"answerd\": \"Answer D\",\n          \"correctAnswer\": \"c\",\n          \"id\": 5\n        },\n        {\n          \"question\": \"Quiz 04 - Question 06 (Answer d)\",\n          \"answera\": \"Answer A\",\n          \"answerb\": \"Answer B\",\n          \"answerc\": \"Answer C\",\n          \"answerd\": \"Answer D\",\n          \"correctAnswer\": \"d\",\n          \"id\": 6\n        },\n        {\n          \"question\": \"Quiz 04 - Question 07 (Answer a)\",\n          \"answera\": \"Answer A\",\n          \"answerb\": \"Answer B\",\n          \"answerc\": \"Answer C\",\n          \"answerd\": \"Answer D\",\n          \"correctAnswer\": \"a\",\n          \"id\": 7\n        },\n        {\n          \"question\": \"Quiz 04 - Question 08 (Answer d)\",\n          \"answera\": \"Answer A\",\n          \"answerb\": \"Answer B\",\n          \"answerc\": \"Answer C\",\n          \"answerd\": \"Answer D\",\n          \"correctAnswer\": \"d\",\n          \"id\": 8\n        },\n        {\n          \"question\": \"Quiz 04 - Question 09 (Answer d)\",\n          \"answera\": \"Answer A\",\n          \"answerb\": \"Answer B\",\n          \"answerc\": \"Answer C\",\n          \"answerd\": \"Answer D\",\n          \"correctAnswer\": \"d\",\n          \"id\": 9\n        },\n        {\n          \"question\": \"Quiz 04 - Question 10 (Answer a)\",\n          \"answera\": \"Answer A\",\n          \"answerb\": \"Answer B\",\n          \"answerc\": \"Answer C\",\n          \"answerd\": \"Answer D\",\n          \"correctAnswer\": \"a\",\n          \"id\": 10\n        },\n        {\n          \"question\": \"Quiz 04 - Question 11 (Answer a)\",\n          \"answera\": \"Answer A\",\n          \"answerb\": \"Answer B\",\n          \"answerc\": \"Answer C\",\n          \"answerd\": \"Answer D\",\n          \"correctAnswer\": \"a\",\n          \"id\": 11\n        },\n        {\n          \"question\": \"Quiz 04 - Question 12 (Answer b)\",\n          \"answera\": \"Answer A\",\n          \"answerb\": \"Answer B\",\n          \"answerc\": \"Answer C\",\n          \"answerd\": \"Answer D\",\n          \"correctAnswer\": \"b\",\n          \"id\": 12\n        },\n        {\n          \"question\": \"Quiz 04 - Question 13 (Answer d)\",\n          \"answera\": \"Answer A\",\n          \"answerb\": \"Answer B\",\n          \"answerc\": \"Answer C\",\n          \"answerd\": \"Answer D\",\n          \"correctAnswer\": \"d\",\n          \"id\": 13\n        },\n        {\n          \"question\": \"Quiz 04 - Question 14 (Answer a)\",\n          \"answera\": \"Answer A\",\n          \"answerb\": \"Answer B\",\n          \"answerc\": \"Answer C\",\n          \"answerd\": \"Answer D\",\n          \"correctAnswer\": \"a\",\n          \"id\": 14\n        },\n        {\n          \"question\": \"Quiz 04 - Question 15 (Answer c)\",\n          \"answera\": \"Answer A\",\n          \"answerb\": \"Answer B\",\n          \"answerc\": \"Answer C\",\n          \"answerd\": \"Answer D\",\n          \"correctAnswer\": \"c\",\n          \"id\": 15\n        },\n        {\n          \"question\": \"Quiz 04 - Question 16 (Answer b)\",\n          \"answera\": \"Answer A\",\n          \"answerb\": \"Answer B\",\n          \"answerc\": \"Answer C\",\n          \"answerd\": \"Answer D\",\n          \"correctAnswer\": \"b\",\n          \"id\": 16\n        },\n        {\n          \"question\": \"Quiz 04 - Question 17 (Answer d)\",\n          \"answera\": \"Answer A\",\n          \"answerb\": \"Answer B\",\n          \"answerc\": \"Answer C\",\n          \"answerd\": \"Answer D\",\n          \"correctAnswer\": \"d\",\n          \"id\": 17\n        },\n        {\n          \"question\": \"Quiz 04 - Question 18 (Answer c)\",\n          \"answera\": \"Answer A\",\n          \"answerb\": \"Answer B\",\n          \"answerc\": \"Answer C\",\n          \"answerd\": \"Answer D\",\n          \"correctAnswer\": \"c\",\n          \"id\": 18\n        },\n        {\n          \"question\": \"Quiz 04 - Question 19 (Answer c)\",\n          \"answera\": \"Answer A\",\n          \"answerb\": \"Answer B\",\n          \"answerc\": \"Answer C\",\n          \"answerd\": \"Answer D\",\n          \"correctAnswer\": \"c\",\n          \"id\": 19\n        },\n        {\n          \"question\": \"Quiz 04 - Question 20 (Answer b)\",\n          \"answera\": \"Answer A\",\n          \"answerb\": \"Answer B\",\n          \"answerc\": \"Answer C\",\n          \"answerd\": \"Answer D\",\n          \"correctAnswer\": \"b\",\n          \"id\": 20\n        },\n        {\n          \"question\": \"Quiz 04 - Question 21 (Answer d)\",\n          \"answera\": \"Answer A\",\n          \"answerb\": \"Answer B\",\n          \"answerc\": \"Answer C\",\n          \"answerd\": \"Answer D\",\n          \"correctAnswer\": \"d\",\n          \"id\": 21\n        }\n      ]\n    },\n    {\n      \"id\": 5,\n      \"name\": \"adQuest - edge of glory Quiz 05\",\n      \"language\": \"de\",\n      \"image\": \"https://adquest.blob.core.windows.net/quizimages/test/05.png\",\n      \"questions\": [\n        {\n          \"question\": \"Quiz 05 - Question 01 (Answer c)\",\n          \"answera\": \"Answer A\",\n          \"answerb\": \"Answer B\",\n          \"answerc\": \"Answer C\",\n          \"answerd\": \"Answer D\",\n          \"correctAnswer\": \"c\",\n          \"id\": 1\n        },\n        {\n          \"question\": \"Quiz 05 - Question 02 (Answer d)\",\n          \"answera\": \"Answer A\",\n          \"answerb\": \"Answer B\",\n          \"answerc\": \"Answer C\",\n          \"answerd\": \"Answer D\",\n          \"correctAnswer\": \"d\",\n          \"id\": 2\n        },\n        {\n          \"question\": \"Quiz 05 - Question 03 (Answer c)\",\n          \"answera\": \"Answer A\",\n          \"answerb\": \"Answer B\",\n          \"answerc\": \"Answer C\",\n          \"answerd\": \"Answer D\",\n          \"correctAnswer\": \"c\",\n          \"id\": 3\n        },\n        {\n          \"question\": \"Quiz 05 - Question 04 (Answer b)\",\n          \"answera\": \"Answer A\",\n          \"answerb\": \"Answer B\",\n          \"answerc\": \"Answer C\",\n          \"answerd\": \"Answer D\",\n          \"correctAnswer\": \"b\",\n          \"id\": 4\n        },\n        {\n          \"question\": \"Quiz 05 - Question 05 (Answer a)\",\n          \"answera\": \"Answer A\",\n          \"answerb\": \"Answer B\",\n          \"answerc\": \"Answer C\",\n          \"answerd\": \"Answer D\",\n          \"correctAnswer\": \"a\",\n          \"id\": 5\n        },\n        {\n          \"question\": \"Quiz 05 - Question 06 (Answer b)\",\n          \"answera\": \"Answer A\",\n          \"answerb\": \"Answer B\",\n          \"answerc\": \"Answer C\",\n          \"answerd\": \"Answer D\",\n          \"correctAnswer\": \"b\",\n          \"id\": 6\n        },\n        {\n          \"question\": \"Quiz 05 - Question 07 (Answer b)\",\n          \"answera\": \"Answer A\",\n          \"answerb\": \"Answer B\",\n          \"answerc\": \"Answer C\",\n          \"answerd\": \"Answer D\",\n          \"correctAnswer\": \"b\",\n          \"id\": 7\n        },\n        {\n          \"question\": \"Quiz 05 - Question 08 (Answer c)\",\n          \"answera\": \"Answer A\",\n          \"answerb\": \"Answer B\",\n          \"answerc\": \"Answer C\",\n          \"answerd\": \"Answer D\",\n          \"correctAnswer\": \"c\",\n          \"id\": 8\n        },\n        {\n          \"question\": \"Quiz 05 - Question 09 (Answer c)\",\n          \"answera\": \"Answer A\",\n          \"answerb\": \"Answer B\",\n          \"answerc\": \"Answer C\",\n          \"answerd\": \"Answer D\",\n          \"correctAnswer\": \"c\",\n          \"id\": 9\n        },\n        {\n          \"question\": \"Quiz 05 - Question 10 (Answer a)\",\n          \"answera\": \"Answer A\",\n          \"answerb\": \"Answer B\",\n          \"answerc\": \"Answer C\",\n          \"answerd\": \"Answer D\",\n          \"correctAnswer\": \"a\",\n          \"id\": 10\n        },\n        {\n          \"question\": \"Quiz 05 - Question 11 (Answer a)\",\n          \"answera\": \"Answer A\",\n          \"answerb\": \"Answer B\",\n          \"answerc\": \"Answer C\",\n          \"answerd\": \"Answer D\",\n          \"correctAnswer\": \"a\",\n          \"id\": 11\n        },\n        {\n          \"question\": \"Quiz 05 - Question 12 (Answer a)\",\n          \"answera\": \"Answer A\",\n          \"answerb\": \"Answer B\",\n          \"answerc\": \"Answer C\",\n          \"answerd\": \"Answer D\",\n          \"correctAnswer\": \"a\",\n          \"id\": 12\n        },\n        {\n          \"question\": \"Quiz 05 - Question 13 (Answer a)\",\n          \"answera\": \"Answer A\",\n          \"answerb\": \"Answer B\",\n          \"answerc\": \"Answer C\",\n          \"answerd\": \"Answer D\",\n          \"correctAnswer\": \"a\",\n          \"id\": 13\n        },\n        {\n          \"question\": \"Quiz 05 - Question 14 (Answer c)\",\n          \"answera\": \"Answer A\",\n          \"answerb\": \"Answer B\",\n          \"answerc\": \"Answer C\",\n          \"answerd\": \"Answer D\",\n          \"correctAnswer\": \"c\",\n          \"id\": 14\n        },\n        {\n          \"question\": \"Quiz 05 - Question 15 (Answer a)\",\n          \"answera\": \"Answer A\",\n          \"answerb\": \"Answer B\",\n          \"answerc\": \"Answer C\",\n          \"answerd\": \"Answer D\",\n          \"correctAnswer\": \"a\",\n          \"id\": 15\n        },\n        {\n          \"question\": \"Quiz 05 - Question 16 (Answer b)\",\n          \"answera\": \"Answer A\",\n          \"answerb\": \"Answer B\",\n          \"answerc\": \"Answer C\",\n          \"answerd\": \"Answer D\",\n          \"correctAnswer\": \"b\",\n          \"id\": 16\n        },\n        {\n          \"question\": \"Quiz 05 - Question 17 (Answer b)\",\n          \"answera\": \"Answer A\",\n          \"answerb\": \"Answer B\",\n          \"answerc\": \"Answer C\",\n          \"answerd\": \"Answer D\",\n          \"correctAnswer\": \"b\",\n          \"id\": 17\n        },\n        {\n          \"question\": \"Quiz 05 - Question 18 (Answer d)\",\n          \"answera\": \"Answer A\",\n          \"answerb\": \"Answer B\",\n          \"answerc\": \"Answer C\",\n          \"answerd\": \"Answer D\",\n          \"correctAnswer\": \"d\",\n          \"id\": 18\n        },\n        {\n          \"question\": \"Quiz 05 - Question 19 (Answer a)\",\n          \"answera\": \"Answer A\",\n          \"answerb\": \"Answer B\",\n          \"answerc\": \"Answer C\",\n          \"answerd\": \"Answer D\",\n          \"correctAnswer\": \"a\",\n          \"id\": 19\n        },\n        {\n          \"question\": \"Quiz 05 - Question 20 (Answer a)\",\n          \"answera\": \"Answer A\",\n          \"answerb\": \"Answer B\",\n          \"answerc\": \"Answer C\",\n          \"answerd\": \"Answer D\",\n          \"correctAnswer\": \"a\",\n          \"id\": 20\n        },\n        {\n          \"question\": \"Quiz 05 - Question 21 (Answer a)\",\n          \"answera\": \"Answer A\",\n          \"answerb\": \"Answer B\",\n          \"answerc\": \"Answer C\",\n          \"answerd\": \"Answer D\",\n          \"correctAnswer\": \"a\",\n          \"id\": 21\n        }\n      ]\n    },\n    {\n      \"id\": 6,\n      \"name\": \"adQuest - edge of glory Quiz 06\",\n      \"language\": \"en\",\n      \"image\": \"https://adquest.blob.core.windows.net/quizimages/test/06.png\",\n      \"questions\": [\n        {\n          \"question\": \"Quiz 06 - Question 01 (Answer d)\",\n          \"answera\": \"Answer A\",\n          \"answerb\": \"Answer B\",\n          \"answerc\": \"Answer C\",\n          \"answerd\": \"Answer D\",\n          \"correctAnswer\": \"d\",\n          \"id\": 1\n        },\n        {\n          \"question\": \"Quiz 06 - Question 02 (Answer b)\",\n          \"answera\": \"Answer A\",\n          \"answerb\": \"Answer B\",\n          \"answerc\": \"Answer C\",\n          \"answerd\": \"Answer D\",\n          \"correctAnswer\": \"b\",\n          \"id\": 2\n        },\n        {\n          \"question\": \"Quiz 06 - Question 03 (Answer a)\",\n          \"answera\": \"Answer A\",\n          \"answerb\": \"Answer B\",\n          \"answerc\": \"Answer C\",\n          \"answerd\": \"Answer D\",\n          \"correctAnswer\": \"a\",\n          \"id\": 3\n        },\n        {\n          \"question\": \"Quiz 06 - Question 04 (Answer b)\",\n          \"answera\": \"Answer A\",\n          \"answerb\": \"Answer B\",\n          \"answerc\": \"Answer C\",\n          \"answerd\": \"Answer D\",\n          \"correctAnswer\": \"b\",\n          \"id\": 4\n        },\n        {\n          \"question\": \"Quiz 06 - Question 05 (Answer a)\",\n          \"answera\": \"Answer A\",\n          \"answerb\": \"Answer B\",\n          \"answerc\": \"Answer C\",\n          \"answerd\": \"Answer D\",\n          \"correctAnswer\": \"a\",\n          \"id\": 5\n        },\n        {\n          \"question\": \"Quiz 06 - Question 06 (Answer d)\",\n          \"answera\": \"Answer A\",\n          \"answerb\": \"Answer B\",\n          \"answerc\": \"Answer C\",\n          \"answerd\": \"Answer D\",\n          \"correctAnswer\": \"d\",\n          \"id\": 6\n        },\n        {\n          \"question\": \"Quiz 06 - Question 07 (Answer c)\",\n          \"answera\": \"Answer A\",\n          \"answerb\": \"Answer B\",\n          \"answerc\": \"Answer C\",\n          \"answerd\": \"Answer D\",\n          \"correctAnswer\": \"c\",\n          \"id\": 7\n        },\n        {\n          \"question\": \"Quiz 06 - Question 08 (Answer d)\",\n          \"answera\": \"Answer A\",\n          \"answerb\": \"Answer B\",\n          \"answerc\": \"Answer C\",\n          \"answerd\": \"Answer D\",\n          \"correctAnswer\": \"d\",\n          \"id\": 8\n        },\n        {\n          \"question\": \"Quiz 06 - Question 09 (Answer d)\",\n          \"answera\": \"Answer A\",\n          \"answerb\": \"Answer B\",\n          \"answerc\": \"Answer C\",\n          \"answerd\": \"Answer D\",\n          \"correctAnswer\": \"d\",\n          \"id\": 9\n        },\n        {\n          \"question\": \"Quiz 06 - Question 10 (Answer c)\",\n          \"answera\": \"Answer A\",\n          \"answerb\": \"Answer B\",\n          \"answerc\": \"Answer C\",\n          \"answerd\": \"Answer D\",\n          \"correctAnswer\": \"c\",\n          \"id\": 10\n        },\n        {\n          \"question\": \"Quiz 06 - Question 11 (Answer a)\",\n          \"answera\": \"Answer A\",\n          \"answerb\": \"Answer B\",\n          \"answerc\": \"Answer C\",\n          \"answerd\": \"Answer D\",\n          \"correctAnswer\": \"a\",\n          \"id\": 11\n        },\n        {\n          \"question\": \"Quiz 06 - Question 12 (Answer a)\",\n          \"answera\": \"Answer A\",\n          \"answerb\": \"Answer B\",\n          \"answerc\": \"Answer C\",\n          \"answerd\": \"Answer D\",\n          \"correctAnswer\": \"a\",\n          \"id\": 12\n        },\n        {\n          \"question\": \"Quiz 06 - Question 13 (Answer d)\",\n          \"answera\": \"Answer A\",\n          \"answerb\": \"Answer B\",\n          \"answerc\": \"Answer C\",\n          \"answerd\": \"Answer D\",\n          \"correctAnswer\": \"d\",\n          \"id\": 13\n        },\n        {\n          \"question\": \"Quiz 06 - Question 14 (Answer b)\",\n          \"answera\": \"Answer A\",\n          \"answerb\": \"Answer B\",\n          \"answerc\": \"Answer C\",\n          \"answerd\": \"Answer D\",\n          \"correctAnswer\": \"b\",\n          \"id\": 14\n        },\n        {\n          \"question\": \"Quiz 06 - Question 15 (Answer d)\",\n          \"answera\": \"Answer A\",\n          \"answerb\": \"Answer B\",\n          \"answerc\": \"Answer C\",\n          \"answerd\": \"Answer D\",\n          \"correctAnswer\": \"d\",\n          \"id\": 15\n        },\n        {\n          \"question\": \"Quiz 06 - Question 16 (Answer d)\",\n          \"answera\": \"Answer A\",\n          \"answerb\": \"Answer B\",\n          \"answerc\": \"Answer C\",\n          \"answerd\": \"Answer D\",\n          \"correctAnswer\": \"d\",\n          \"id\": 16\n        },\n        {\n          \"question\": \"Quiz 06 - Question 17 (Answer c)\",\n          \"answera\": \"Answer A\",\n          \"answerb\": \"Answer B\",\n          \"answerc\": \"Answer C\",\n          \"answerd\": \"Answer D\",\n          \"correctAnswer\": \"c\",\n          \"id\": 17\n        },\n        {\n          \"question\": \"Quiz 06 - Question 18 (Answer d)\",\n          \"answera\": \"Answer A\",\n          \"answerb\": \"Answer B\",\n          \"answerc\": \"Answer C\",\n          \"answerd\": \"Answer D\",\n          \"correctAnswer\": \"d\",\n          \"id\": 18\n        },\n        {\n          \"question\": \"Quiz 06 - Question 19 (Answer a)\",\n          \"answera\": \"Answer A\",\n          \"answerb\": \"Answer B\",\n          \"answerc\": \"Answer C\",\n          \"answerd\": \"Answer D\",\n          \"correctAnswer\": \"a\",\n          \"id\": 19\n        },\n        {\n          \"question\": \"Quiz 06 - Question 20 (Answer c)\",\n          \"answera\": \"Answer A\",\n          \"answerb\": \"Answer B\",\n          \"answerc\": \"Answer C\",\n          \"answerd\": \"Answer D\",\n          \"correctAnswer\": \"c\",\n          \"id\": 20\n        },\n        {\n          \"question\": \"Quiz 06 - Question 21 (Answer a)\",\n          \"answera\": \"Answer A\",\n          \"answerb\": \"Answer B\",\n          \"answerc\": \"Answer C\",\n          \"answerd\": \"Answer D\",\n          \"correctAnswer\": \"a\",\n          \"id\": 21\n        }\n      ]\n    },\n    {\n      \"id\": 7,\n      \"name\": \"adQuest - edge of glory Quiz 07\",\n      \"language\": \"en\",\n      \"image\": \"https://adquest.blob.core.windows.net/quizimages/test/07.png\",\n      \"questions\": [\n        {\n          \"question\": \"Quiz 07 - Question 01 (Answer a)\",\n          \"answera\": \"Answer A\",\n          \"answerb\": \"Answer B\",\n          \"answerc\": \"Answer C\",\n          \"answerd\": \"Answer D\",\n          \"correctAnswer\": \"a\",\n          \"id\": 1\n        },\n        {\n          \"question\": \"Quiz 07 - Question 02 (Answer a)\",\n          \"answera\": \"Answer A\",\n          \"answerb\": \"Answer B\",\n          \"answerc\": \"Answer C\",\n          \"answerd\": \"Answer D\",\n          \"correctAnswer\": \"a\",\n          \"id\": 2\n        },\n        {\n          \"question\": \"Quiz 07 - Question 03 (Answer d)\",\n          \"answera\": \"Answer A\",\n          \"answerb\": \"Answer B\",\n          \"answerc\": \"Answer C\",\n          \"answerd\": \"Answer D\",\n          \"correctAnswer\": \"d\",\n          \"id\": 3\n        },\n        {\n          \"question\": \"Quiz 07 - Question 04 (Answer b)\",\n          \"answera\": \"Answer A\",\n          \"answerb\": \"Answer B\",\n          \"answerc\": \"Answer C\",\n          \"answerd\": \"Answer D\",\n          \"correctAnswer\": \"b\",\n          \"id\": 4\n        },\n        {\n          \"question\": \"Quiz 07 - Question 05 (Answer d)\",\n          \"answera\": \"Answer A\",\n          \"answerb\": \"Answer B\",\n          \"answerc\": \"Answer C\",\n          \"answerd\": \"Answer D\",\n          \"correctAnswer\": \"d\",\n          \"id\": 5\n        },\n        {\n          \"question\": \"Quiz 07 - Question 06 (Answer c)\",\n          \"answera\": \"Answer A\",\n          \"answerb\": \"Answer B\",\n          \"answerc\": \"Answer C\",\n          \"answerd\": \"Answer D\",\n          \"correctAnswer\": \"c\",\n          \"id\": 6\n        },\n        {\n          \"question\": \"Quiz 07 - Question 07 (Answer d)\",\n          \"answera\": \"Answer A\",\n          \"answerb\": \"Answer B\",\n          \"answerc\": \"Answer C\",\n          \"answerd\": \"Answer D\",\n          \"correctAnswer\": \"d\",\n          \"id\": 7\n        },\n        {\n          \"question\": \"Quiz 07 - Question 08 (Answer a)\",\n          \"answera\": \"Answer A\",\n          \"answerb\": \"Answer B\",\n          \"answerc\": \"Answer C\",\n          \"answerd\": \"Answer D\",\n          \"correctAnswer\": \"a\",\n          \"id\": 8\n        },\n        {\n          \"question\": \"Quiz 07 - Question 09 (Answer a)\",\n          \"answera\": \"Answer A\",\n          \"answerb\": \"Answer B\",\n          \"answerc\": \"Answer C\",\n          \"answerd\": \"Answer D\",\n          \"correctAnswer\": \"a\",\n          \"id\": 9\n        },\n        {\n          \"question\": \"Quiz 07 - Question 10 (Answer b)\",\n          \"answera\": \"Answer A\",\n          \"answerb\": \"Answer B\",\n          \"answerc\": \"Answer C\",\n          \"answerd\": \"Answer D\",\n          \"correctAnswer\": \"b\",\n          \"id\": 10\n        },\n        {\n          \"question\": \"Quiz 07 - Question 11 (Answer c)\",\n          \"answera\": \"Answer A\",\n          \"answerb\": \"Answer B\",\n          \"answerc\": \"Answer C\",\n          \"answerd\": \"Answer D\",\n          \"correctAnswer\": \"c\",\n          \"id\": 11\n        },\n        {\n          \"question\": \"Quiz 07 - Question 12 (Answer d)\",\n          \"answera\": \"Answer A\",\n          \"answerb\": \"Answer B\",\n          \"answerc\": \"Answer C\",\n          \"answerd\": \"Answer D\",\n          \"correctAnswer\": \"d\",\n          \"id\": 12\n        },\n        {\n          \"question\": \"Quiz 07 - Question 13 (Answer b)\",\n          \"answera\": \"Answer A\",\n          \"answerb\": \"Answer B\",\n          \"answerc\": \"Answer C\",\n          \"answerd\": \"Answer D\",\n          \"correctAnswer\": \"b\",\n          \"id\": 13\n        },\n        {\n          \"question\": \"Quiz 07 - Question 14 (Answer a)\",\n          \"answera\": \"Answer A\",\n          \"answerb\": \"Answer B\",\n          \"answerc\": \"Answer C\",\n          \"answerd\": \"Answer D\",\n          \"correctAnswer\": \"a\",\n          \"id\": 14\n        },\n        {\n          \"question\": \"Quiz 07 - Question 15 (Answer c)\",\n          \"answera\": \"Answer A\",\n          \"answerb\": \"Answer B\",\n          \"answerc\": \"Answer C\",\n          \"answerd\": \"Answer D\",\n          \"correctAnswer\": \"c\",\n          \"id\": 15\n        },\n        {\n          \"question\": \"Quiz 07 - Question 16 (Answer d)\",\n          \"answera\": \"Answer A\",\n          \"answerb\": \"Answer B\",\n          \"answerc\": \"Answer C\",\n          \"answerd\": \"Answer D\",\n          \"correctAnswer\": \"d\",\n          \"id\": 16\n        },\n        {\n          \"question\": \"Quiz 07 - Question 17 (Answer b)\",\n          \"answera\": \"Answer A\",\n          \"answerb\": \"Answer B\",\n          \"answerc\": \"Answer C\",\n          \"answerd\": \"Answer D\",\n          \"correctAnswer\": \"b\",\n          \"id\": 17\n        },\n        {\n          \"question\": \"Quiz 07 - Question 18 (Answer d)\",\n          \"answera\": \"Answer A\",\n          \"answerb\": \"Answer B\",\n          \"answerc\": \"Answer C\",\n          \"answerd\": \"Answer D\",\n          \"correctAnswer\": \"d\",\n          \"id\": 18\n        },\n        {\n          \"question\": \"Quiz 07 - Question 19 (Answer d)\",\n          \"answera\": \"Answer A\",\n          \"answerb\": \"Answer B\",\n          \"answerc\": \"Answer C\",\n          \"answerd\": \"Answer D\",\n          \"correctAnswer\": \"d\",\n          \"id\": 19\n        },\n        {\n          \"question\": \"Quiz 07 - Question 20 (Answer a)\",\n          \"answera\": \"Answer A\",\n          \"answerb\": \"Answer B\",\n          \"answerc\": \"Answer C\",\n          \"answerd\": \"Answer D\",\n          \"correctAnswer\": \"a\",\n          \"id\": 20\n        },\n        {\n          \"question\": \"Quiz 07 - Question 21 (Answer c)\",\n          \"answera\": \"Answer A\",\n          \"answerb\": \"Answer B\",\n          \"answerc\": \"Answer C\",\n          \"answerd\": \"Answer D\",\n          \"correctAnswer\": \"c\",\n          \"id\": 21\n        }\n      ]\n    },\n    {\n      \"id\": 8,\n      \"name\": \"adQuest - edge of glory Quiz 08\",\n      \"language\": \"en\",\n      \"image\": \"https://adquest.blob.core.windows.net/quizimages/test/08.png\",\n      \"questions\": [\n        {\n          \"question\": \"Quiz 08 - Question 01 (Answer c)\",\n          \"answera\": \"Answer A\",\n          \"answerb\": \"Answer B\",\n          \"answerc\": \"Answer C\",\n          \"answerd\": \"Answer D\",\n          \"correctAnswer\": \"c\",\n          \"id\": 1\n        },\n        {\n          \"question\": \"Quiz 08 - Question 02 (Answer a)\",\n          \"answera\": \"Answer A\",\n          \"answerb\": \"Answer B\",\n          \"answerc\": \"Answer C\",\n          \"answerd\": \"Answer D\",\n          \"correctAnswer\": \"a\",\n          \"id\": 2\n        },\n        {\n          \"question\": \"Quiz 08 - Question 03 (Answer b)\",\n          \"answera\": \"Answer A\",\n          \"answerb\": \"Answer B\",\n          \"answerc\": \"Answer C\",\n          \"answerd\": \"Answer D\",\n          \"correctAnswer\": \"b\",\n          \"id\": 3\n        },\n        {\n          \"question\": \"Quiz 08 - Question 04 (Answer a)\",\n          \"answera\": \"Answer A\",\n          \"answerb\": \"Answer B\",\n          \"answerc\": \"Answer C\",\n          \"answerd\": \"Answer D\",\n          \"correctAnswer\": \"a\",\n          \"id\": 4\n        },\n        {\n          \"question\": \"Quiz 08 - Question 05 (Answer c)\",\n          \"answera\": \"Answer A\",\n          \"answerb\": \"Answer B\",\n          \"answerc\": \"Answer C\",\n          \"answerd\": \"Answer D\",\n          \"correctAnswer\": \"c\",\n          \"id\": 5\n        },\n        {\n          \"question\": \"Quiz 08 - Question 06 (Answer c)\",\n          \"answera\": \"Answer A\",\n          \"answerb\": \"Answer B\",\n          \"answerc\": \"Answer C\",\n          \"answerd\": \"Answer D\",\n          \"correctAnswer\": \"c\",\n          \"id\": 6\n        },\n        {\n          \"question\": \"Quiz 08 - Question 07 (Answer d)\",\n          \"answera\": \"Answer A\",\n          \"answerb\": \"Answer B\",\n          \"answerc\": \"Answer C\",\n          \"answerd\": \"Answer D\",\n          \"correctAnswer\": \"d\",\n          \"id\": 7\n        },\n        {\n          \"question\": \"Quiz 08 - Question 08 (Answer c)\",\n          \"answera\": \"Answer A\",\n          \"answerb\": \"Answer B\",\n          \"answerc\": \"Answer C\",\n          \"answerd\": \"Answer D\",\n          \"correctAnswer\": \"c\",\n          \"id\": 8\n        },\n        {\n          \"question\": \"Quiz 08 - Question 09 (Answer d)\",\n          \"answera\": \"Answer A\",\n          \"answerb\": \"Answer B\",\n          \"answerc\": \"Answer C\",\n          \"answerd\": \"Answer D\",\n          \"correctAnswer\": \"d\",\n          \"id\": 9\n        },\n        {\n          \"question\": \"Quiz 08 - Question 10 (Answer a)\",\n          \"answera\": \"Answer A\",\n          \"answerb\": \"Answer B\",\n          \"answerc\": \"Answer C\",\n          \"answerd\": \"Answer D\",\n          \"correctAnswer\": \"a\",\n          \"id\": 10\n        },\n        {\n          \"question\": \"Quiz 08 - Question 11 (Answer b)\",\n          \"answera\": \"Answer A\",\n          \"answerb\": \"Answer B\",\n          \"answerc\": \"Answer C\",\n          \"answerd\": \"Answer D\",\n          \"correctAnswer\": \"b\",\n          \"id\": 11\n        },\n        {\n          \"question\": \"Quiz 08 - Question 12 (Answer d)\",\n          \"answera\": \"Answer A\",\n          \"answerb\": \"Answer B\",\n          \"answerc\": \"Answer C\",\n          \"answerd\": \"Answer D\",\n          \"correctAnswer\": \"d\",\n          \"id\": 12\n        },\n        {\n          \"question\": \"Quiz 08 - Question 13 (Answer c)\",\n          \"answera\": \"Answer A\",\n          \"answerb\": \"Answer B\",\n          \"answerc\": \"Answer C\",\n          \"answerd\": \"Answer D\",\n          \"correctAnswer\": \"c\",\n          \"id\": 13\n        },\n        {\n          \"question\": \"Quiz 08 - Question 14 (Answer d)\",\n          \"answera\": \"Answer A\",\n          \"answerb\": \"Answer B\",\n          \"answerc\": \"Answer C\",\n          \"answerd\": \"Answer D\",\n          \"correctAnswer\": \"d\",\n          \"id\": 14\n        },\n        {\n          \"question\": \"Quiz 08 - Question 15 (Answer d)\",\n          \"answera\": \"Answer A\",\n          \"answerb\": \"Answer B\",\n          \"answerc\": \"Answer C\",\n          \"answerd\": \"Answer D\",\n          \"correctAnswer\": \"d\",\n          \"id\": 15\n        },\n        {\n          \"question\": \"Quiz 08 - Question 16 (Answer c)\",\n          \"answera\": \"Answer A\",\n          \"answerb\": \"Answer B\",\n          \"answerc\": \"Answer C\",\n          \"answerd\": \"Answer D\",\n          \"correctAnswer\": \"c\",\n          \"id\": 16\n        },\n        {\n          \"question\": \"Quiz 08 - Question 17 (Answer c)\",\n          \"answera\": \"Answer A\",\n          \"answerb\": \"Answer B\",\n          \"answerc\": \"Answer C\",\n          \"answerd\": \"Answer D\",\n          \"correctAnswer\": \"c\",\n          \"id\": 17\n        },\n        {\n          \"question\": \"Quiz 08 - Question 18 (Answer a)\",\n          \"answera\": \"Answer A\",\n          \"answerb\": \"Answer B\",\n          \"answerc\": \"Answer C\",\n          \"answerd\": \"Answer D\",\n          \"correctAnswer\": \"a\",\n          \"id\": 18\n        },\n        {\n          \"question\": \"Quiz 08 - Question 19 (Answer a)\",\n          \"answera\": \"Answer A\",\n          \"answerb\": \"Answer B\",\n          \"answerc\": \"Answer C\",\n          \"answerd\": \"Answer D\",\n          \"correctAnswer\": \"a\",\n          \"id\": 19\n        },\n        {\n          \"question\": \"Quiz 08 - Question 20 (Answer b)\",\n          \"answera\": \"Answer A\",\n          \"answerb\": \"Answer B\",\n          \"answerc\": \"Answer C\",\n          \"answerd\": \"Answer D\",\n          \"correctAnswer\": \"b\",\n          \"id\": 20\n        },\n        {\n          \"question\": \"Quiz 08 - Question 21 (Answer d)\",\n          \"answera\": \"Answer A\",\n          \"answerb\": \"Answer B\",\n          \"answerc\": \"Answer C\",\n          \"answerd\": \"Answer D\",\n          \"correctAnswer\": \"d\",\n          \"id\": 21\n        }\n      ]\n    },\n    {\n      \"id\": 9,\n      \"name\": \"adQuest - edge of glory Quiz 09\",\n      \"language\": \"it\",\n      \"image\": \"https://adquest.blob.core.windows.net/quizimages/test/09.png\",\n      \"questions\": [\n        {\n          \"question\": \"Quiz 09 - Question 01 (Answer b)\",\n          \"answera\": \"Answer A\",\n          \"answerb\": \"Answer B\",\n          \"answerc\": \"Answer C\",\n          \"answerd\": \"Answer D\",\n          \"correctAnswer\": \"b\",\n          \"id\": 1\n        },\n        {\n          \"question\": \"Quiz 09 - Question 02 (Answer a)\",\n          \"answera\": \"Answer A\",\n          \"answerb\": \"Answer B\",\n          \"answerc\": \"Answer C\",\n          \"answerd\": \"Answer D\",\n          \"correctAnswer\": \"a\",\n          \"id\": 2\n        },\n        {\n          \"question\": \"Quiz 09 - Question 03 (Answer c)\",\n          \"answera\": \"Answer A\",\n          \"answerb\": \"Answer B\",\n          \"answerc\": \"Answer C\",\n          \"answerd\": \"Answer D\",\n          \"correctAnswer\": \"c\",\n          \"id\": 3\n        },\n        {\n          \"question\": \"Quiz 09 - Question 04 (Answer d)\",\n          \"answera\": \"Answer A\",\n          \"answerb\": \"Answer B\",\n          \"answerc\": \"Answer C\",\n          \"answerd\": \"Answer D\",\n          \"correctAnswer\": \"d\",\n          \"id\": 4\n        },\n        {\n          \"question\": \"Quiz 09 - Question 05 (Answer d)\",\n          \"answera\": \"Answer A\",\n          \"answerb\": \"Answer B\",\n          \"answerc\": \"Answer C\",\n          \"answerd\": \"Answer D\",\n          \"correctAnswer\": \"d\",\n          \"id\": 5\n        },\n        {\n          \"question\": \"Quiz 09 - Question 06 (Answer c)\",\n          \"answera\": \"Answer A\",\n          \"answerb\": \"Answer B\",\n          \"answerc\": \"Answer C\",\n          \"answerd\": \"Answer D\",\n          \"correctAnswer\": \"c\",\n          \"id\": 6\n        },\n        {\n          \"question\": \"Quiz 09 - Question 07 (Answer d)\",\n          \"answera\": \"Answer A\",\n          \"answerb\": \"Answer B\",\n          \"answerc\": \"Answer C\",\n          \"answerd\": \"Answer D\",\n          \"correctAnswer\": \"d\",\n          \"id\": 7\n        },\n        {\n          \"question\": \"Quiz 09 - Question 08 (Answer d)\",\n          \"answera\": \"Answer A\",\n          \"answerb\": \"Answer B\",\n          \"answerc\": \"Answer C\",\n          \"answerd\": \"Answer D\",\n          \"correctAnswer\": \"d\",\n          \"id\": 8\n        },\n        {\n          \"question\": \"Quiz 09 - Question 09 (Answer b)\",\n          \"answera\": \"Answer A\",\n          \"answerb\": \"Answer B\",\n          \"answerc\": \"Answer C\",\n          \"answerd\": \"Answer D\",\n          \"correctAnswer\": \"b\",\n          \"id\": 9\n        },\n        {\n          \"question\": \"Quiz 09 - Question 10 (Answer a)\",\n          \"answera\": \"Answer A\",\n          \"answerb\": \"Answer B\",\n          \"answerc\": \"Answer C\",\n          \"answerd\": \"Answer D\",\n          \"correctAnswer\": \"a\",\n          \"id\": 10\n        },\n        {\n          \"question\": \"Quiz 09 - Question 11 (Answer a)\",\n          \"answera\": \"Answer A\",\n          \"answerb\": \"Answer B\",\n          \"answerc\": \"Answer C\",\n          \"answerd\": \"Answer D\",\n          \"correctAnswer\": \"a\",\n          \"id\": 11\n        },\n        {\n          \"question\": \"Quiz 09 - Question 12 (Answer c)\",\n          \"answera\": \"Answer A\",\n          \"answerb\": \"Answer B\",\n          \"answerc\": \"Answer C\",\n          \"answerd\": \"Answer D\",\n          \"correctAnswer\": \"c\",\n          \"id\": 12\n        },\n        {\n          \"question\": \"Quiz 09 - Question 13 (Answer a)\",\n          \"answera\": \"Answer A\",\n          \"answerb\": \"Answer B\",\n          \"answerc\": \"Answer C\",\n          \"answerd\": \"Answer D\",\n          \"correctAnswer\": \"a\",\n          \"id\": 13\n        },\n        {\n          \"question\": \"Quiz 09 - Question 14 (Answer b)\",\n          \"answera\": \"Answer A\",\n          \"answerb\": \"Answer B\",\n          \"answerc\": \"Answer C\",\n          \"answerd\": \"Answer D\",\n          \"correctAnswer\": \"b\",\n          \"id\": 14\n        },\n        {\n          \"question\": \"Quiz 09 - Question 15 (Answer d)\",\n          \"answera\": \"Answer A\",\n          \"answerb\": \"Answer B\",\n          \"answerc\": \"Answer C\",\n          \"answerd\": \"Answer D\",\n          \"correctAnswer\": \"d\",\n          \"id\": 15\n        },\n        {\n          \"question\": \"Quiz 09 - Question 16 (Answer c)\",\n          \"answera\": \"Answer A\",\n          \"answerb\": \"Answer B\",\n          \"answerc\": \"Answer C\",\n          \"answerd\": \"Answer D\",\n          \"correctAnswer\": \"c\",\n          \"id\": 16\n        },\n        {\n          \"question\": \"Quiz 09 - Question 17 (Answer b)\",\n          \"answera\": \"Answer A\",\n          \"answerb\": \"Answer B\",\n          \"answerc\": \"Answer C\",\n          \"answerd\": \"Answer D\",\n          \"correctAnswer\": \"b\",\n          \"id\": 17\n        },\n        {\n          \"question\": \"Quiz 09 - Question 18 (Answer c)\",\n          \"answera\": \"Answer A\",\n          \"answerb\": \"Answer B\",\n          \"answerc\": \"Answer C\",\n          \"answerd\": \"Answer D\",\n          \"correctAnswer\": \"c\",\n          \"id\": 18\n        },\n        {\n          \"question\": \"Quiz 09 - Question 19 (Answer a)\",\n          \"answera\": \"Answer A\",\n          \"answerb\": \"Answer B\",\n          \"answerc\": \"Answer C\",\n          \"answerd\": \"Answer D\",\n          \"correctAnswer\": \"a\",\n          \"id\": 19\n        },\n        {\n          \"question\": \"Quiz 09 - Question 20 (Answer a)\",\n          \"answera\": \"Answer A\",\n          \"answerb\": \"Answer B\",\n          \"answerc\": \"Answer C\",\n          \"answerd\": \"Answer D\",\n          \"correctAnswer\": \"a\",\n          \"id\": 20\n        },\n        {\n          \"question\": \"Quiz 09 - Question 21 (Answer b)\",\n          \"answera\": \"Answer A\",\n          \"answerb\": \"Answer B\",\n          \"answerc\": \"Answer C\",\n          \"answerd\": \"Answer D\",\n          \"correctAnswer\": \"b\",\n          \"id\": 21\n        }\n      ]\n    },\n    {\n      \"id\": 10,\n      \"name\": \"adQuest - edge of glory Quiz 10\",\n      \"language\": \"it\",\n      \"image\": \"https://adquest.blob.core.windows.net/quizimages/test/10.png\",\n      \"questions\": [\n        {\n          \"question\": \"Quiz 10 - Question 01 (Answer c)\",\n          \"answera\": \"Answer A\",\n          \"answerb\": \"Answer B\",\n          \"answerc\": \"Answer C\",\n          \"answerd\": \"Answer D\",\n          \"correctAnswer\": \"c\",\n          \"id\": 1\n        },\n        {\n          \"question\": \"Quiz 10 - Question 02 (Answer a)\",\n          \"answera\": \"Answer A\",\n          \"answerb\": \"Answer B\",\n          \"answerc\": \"Answer C\",\n          \"answerd\": \"Answer D\",\n          \"correctAnswer\": \"a\",\n          \"id\": 2\n        },\n        {\n          \"question\": \"Quiz 10 - Question 03 (Answer a)\",\n          \"answera\": \"Answer A\",\n          \"answerb\": \"Answer B\",\n          \"answerc\": \"Answer C\",\n          \"answerd\": \"Answer D\",\n          \"correctAnswer\": \"a\",\n          \"id\": 3\n        },\n        {\n          \"question\": \"Quiz 10 - Question 04 (Answer b)\",\n          \"answera\": \"Answer A\",\n          \"answerb\": \"Answer B\",\n          \"answerc\": \"Answer C\",\n          \"answerd\": \"Answer D\",\n          \"correctAnswer\": \"b\",\n          \"id\": 4\n        },\n        {\n          \"question\": \"Quiz 10 - Question 05 (Answer a)\",\n          \"answera\": \"Answer A\",\n          \"answerb\": \"Answer B\",\n          \"answerc\": \"Answer C\",\n          \"answerd\": \"Answer D\",\n          \"correctAnswer\": \"a\",\n          \"id\": 5\n        },\n        {\n          \"question\": \"Quiz 10 - Question 06 (Answer b)\",\n          \"answera\": \"Answer A\",\n          \"answerb\": \"Answer B\",\n          \"answerc\": \"Answer C\",\n          \"answerd\": \"Answer D\",\n          \"correctAnswer\": \"b\",\n          \"id\": 6\n        },\n        {\n          \"question\": \"Quiz 10 - Question 07 (Answer d)\",\n          \"answera\": \"Answer A\",\n          \"answerb\": \"Answer B\",\n          \"answerc\": \"Answer C\",\n          \"answerd\": \"Answer D\",\n          \"correctAnswer\": \"d\",\n          \"id\": 7\n        },\n        {\n          \"question\": \"Quiz 10 - Question 08 (Answer c)\",\n          \"answera\": \"Answer A\",\n          \"answerb\": \"Answer B\",\n          \"answerc\": \"Answer C\",\n          \"answerd\": \"Answer D\",\n          \"correctAnswer\": \"c\",\n          \"id\": 8\n        },\n        {\n          \"question\": \"Quiz 10 - Question 09 (Answer d)\",\n          \"answera\": \"Answer A\",\n          \"answerb\": \"Answer B\",\n          \"answerc\": \"Answer C\",\n          \"answerd\": \"Answer D\",\n          \"correctAnswer\": \"d\",\n          \"id\": 9\n        },\n        {\n          \"question\": \"Quiz 10 - Question 10 (Answer c)\",\n          \"answera\": \"Answer A\",\n          \"answerb\": \"Answer B\",\n          \"answerc\": \"Answer C\",\n          \"answerd\": \"Answer D\",\n          \"correctAnswer\": \"c\",\n          \"id\": 10\n        },\n        {\n          \"question\": \"Quiz 10 - Question 11 (Answer d)\",\n          \"answera\": \"Answer A\",\n          \"answerb\": \"Answer B\",\n          \"answerc\": \"Answer C\",\n          \"answerd\": \"Answer D\",\n          \"correctAnswer\": \"d\",\n          \"id\": 11\n        },\n        {\n          \"question\": \"Quiz 10 - Question 12 (Answer c)\",\n          \"answera\": \"Answer A\",\n          \"answerb\": \"Answer B\",\n          \"answerc\": \"Answer C\",\n          \"answerd\": \"Answer D\",\n          \"correctAnswer\": \"c\",\n          \"id\": 12\n        },\n        {\n          \"question\": \"Quiz 10 - Question 13 (Answer d)\",\n          \"answera\": \"Answer A\",\n          \"answerb\": \"Answer B\",\n          \"answerc\": \"Answer C\",\n          \"answerd\": \"Answer D\",\n          \"correctAnswer\": \"d\",\n          \"id\": 13\n        },\n        {\n          \"question\": \"Quiz 10 - Question 14 (Answer a)\",\n          \"answera\": \"Answer A\",\n          \"answerb\": \"Answer B\",\n          \"answerc\": \"Answer C\",\n          \"answerd\": \"Answer D\",\n          \"correctAnswer\": \"a\",\n          \"id\": 14\n        },\n        {\n          \"question\": \"Quiz 10 - Question 15 (Answer d)\",\n          \"answera\": \"Answer A\",\n          \"answerb\": \"Answer B\",\n          \"answerc\": \"Answer C\",\n          \"answerd\": \"Answer D\",\n          \"correctAnswer\": \"d\",\n          \"id\": 15\n        },\n        {\n          \"question\": \"Quiz 10 - Question 16 (Answer c)\",\n          \"answera\": \"Answer A\",\n          \"answerb\": \"Answer B\",\n          \"answerc\": \"Answer C\",\n          \"answerd\": \"Answer D\",\n          \"correctAnswer\": \"c\",\n          \"id\": 16\n        },\n        {\n          \"question\": \"Quiz 10 - Question 17 (Answer d)\",\n          \"answera\": \"Answer A\",\n          \"answerb\": \"Answer B\",\n          \"answerc\": \"Answer C\",\n          \"answerd\": \"Answer D\",\n          \"correctAnswer\": \"d\",\n          \"id\": 17\n        },\n        {\n          \"question\": \"Quiz 10 - Question 18 (Answer a)\",\n          \"answera\": \"Answer A\",\n          \"answerb\": \"Answer B\",\n          \"answerc\": \"Answer C\",\n          \"answerd\": \"Answer D\",\n          \"correctAnswer\": \"a\",\n          \"id\": 18\n        },\n        {\n          \"question\": \"Quiz 10 - Question 19 (Answer a)\",\n          \"answera\": \"Answer A\",\n          \"answerb\": \"Answer B\",\n          \"answerc\": \"Answer C\",\n          \"answerd\": \"Answer D\",\n          \"correctAnswer\": \"a\",\n          \"id\": 19\n        },\n        {\n          \"question\": \"Quiz 10 - Question 20 (Answer d)\",\n          \"answera\": \"Answer A\",\n          \"answerb\": \"Answer B\",\n          \"answerc\": \"Answer C\",\n          \"answerd\": \"Answer D\",\n          \"correctAnswer\": \"d\",\n          \"id\": 20\n        },\n        {\n          \"question\": \"Quiz 10 - Question 21 (Answer b)\",\n          \"answera\": \"Answer A\",\n          \"answerb\": \"Answer B\",\n          \"answerc\": \"Answer C\",\n          \"answerd\": \"Answer D\",\n          \"correctAnswer\": \"b\",\n          \"id\": 21\n        }\n      ]\n    }\n  ]\n}"}},"Parse_JSON":{"runAfter":{"Set_QuizAllQuizJSON":["Succeeded"]},"metadata":{"operationMetadataId":"e383b653-b016-4e0b-8522-61ccc15f0bfa"},"type":"ParseJson","inputs":{"content":"@variables('varQuizAllQuizJSON')","schema":{"type":"object","properties":{"quizzes":{"type":"array","items":{"type":"object","properties":{"id":{"type":"integer"},"name":{"type":"string"},"language":{"type":"string"},"image":{"type":"string"},"questions":{"type":"array","items":{"type":"object","properties":{"question":{"type":"string"},"answera":{"type":"string"},"answerb":{"type":"string"},"answerc":{"type":"string"},"answerd":{"type":"string"},"correctAnswer":{"type":"string"}},"required":["question","answera","answerb","answerc","answerd","correctAnswer"]}}},"required":["id","name","language","image","questions"]}}}}}},"Filter_array":{"runAfter":{"Parse_JSON":["Succeeded"]},"metadata":{"operationMetadataId":"b182b259-b663-415d-abec-418decb334cd"},"type":"Query","inputs":{"from":"@body('Parse_JSON')?['quizzes']","where":"@equals(item()?['id'],triggerBody()?['number'])"}}}},"connectionReferences":{},"flowFailureAlertSubscribed":false,"isManaged":false}}